Id,Price_Per_Square_Foot,SqFeet,SalePrice
1461,130.05021490903255,896,116524.99255849316
1462,124.60075387938798,1329,165594.40190570662
1463,114.25556421254748,1629,186122.31410223985
1464,121.32547071859472,1604,194606.0550326259
1465,158.95163834116283,1280,203458.09707668843
1466,105.73987489389117,1655,174999.49294938988
1467,147.16398692512826,1187,174683.65248012723
1468,113.86455108725772,1465,166811.56734283257
1469,145.08679840998536,1341,194561.39666779037
1470,124.7000570986761,882,109985.45036103232
1471,154.43409785840106,1337,206478.38883668222
1472,114.6412752749975,987,113150.93869642253
1473,105.38442134958893,1092,115079.78811375111
1474,113.87272388513156,1456,165798.68597675156
1475,136.20737133795149,836,113869.36243852745
1476,138.8068926074186,2334,323975.28734571504
1477,162.6354255254655,1544,251109.09701131875
1478,164.82219105575734,1698,279868.080412676
1479,150.24099459813783,1822,273739.09215780714
1480,165.18185221989097,2696,445330.27358482603
1481,140.33334420503456,2250,315750.02446132776
1482,157.08750787926203,1370,215209.88579458898
1483,130.0750884142734,1324,172219.417060498
1484,141.8919210911164,1145,162466.24964932827
1485,129.75681388663975,1374,178285.86228024302
1486,116.24869426074576,1733,201458.9871538724
1487,121.8085604802784,2475,301476.1871886891
1488,157.16981065194364,1595,250685.8479898501
1489,153.96441202165613,1218,187528.65384237716
1490,154.9920310448116,1468,227528.30157378342
1491,120.13461042079473,1659,199303.31868809846
1492,106.8603043716762,1012,108142.62802413631
1493,121.90769790455988,1494,182130.10066941247
1494,118.71913257912695,2349,278871.2424283692
1495,138.03942326412607,2225,307137.7167626805
1496,161.3543121114592,1488,240095.21642185128
1497,126.50237514484138,1680,212523.9902433335
1498,143.8091578621238,1200,172570.98943454857
1499,145.42146335197083,1200,174505.756022365
1500,134.96443254751944,1236,166816.03862873404
1501,125.07473306548445,1512,189112.99639501248
1502,147.05212865487692,1080,158816.2989472671
1503,180.30480710993993,1418,255672.2164818948
1504,137.18786670473912,1848,253523.1776703579
1505,155.32091815782007,1492,231738.80989146756
1506,113.63760808572385,1829,207843.18518878892
1507,100.8328524909316,2495,251577.96696487433
1508,112.7395701765488,1891,213190.52720385377
1509,102.66345860807996,1645,168881.38941029154
1510,121.28061011454088,1232,149417.71166111436
1511,127.71874241277555,1209,154411.95957704564
1512,119.95745175471916,1510,181135.75214962594
1513,90.45661699611162,1775,160560.49516809813
1514,118.33514326023408,1728,204483.1275536845
1515,81.27443417068571,2461,200016.38249405753
1516,100.63641041295887,1556,156590.254602564
1517,143.40708075826296,1128,161763.1870953206
1518,100.53719428970373,1604,161261.65964068478
1519,157.7128001110376,1480,233414.94416433567
1520,119.30896173248595,1143,136370.14326023145
1521,119.02738556763211,1206,143547.02699456434
1522,115.56627331462926,1580,182594.7118371142
1523,82.94471855263464,1337,110897.08870487251
1524,109.44274745007829,1064,116447.0832868833
1525,119.08428828388185,972,115749.92821193316
1526,116.92664382518149,988,115523.52409927931
1527,112.65284343544909,985,110963.05078391735
1528,125.60844214054532,1224,153744.73318002748
1529,118.93432182637719,1175,139747.8281459932
1530,130.06995808647093,1395,181447.59153062696
1531,55.22822576337478,1844,101840.8483076631
1532,103.99194228686349,936,97336.45798050423
1533,106.15950731262012,1347,142996.8563500993
1534,110.52291923422035,1251,138264.17196200966
1535,104.0066132195875,1633,169842.7993875864
1536,97.54327852650272,1245,121441.38176549588
1537,92.58085301514734,832,77027.26970860259
1538,117.52854442266448,1566,184049.7005658926
1539,92.43089986212772,2268,209633.28088730565
1540,42.453768899197485,2256,95775.70263658953
1541,112.05396650650619,1470,164719.3307645641
1542,107.41405577817557,1612,173151.457914419
1543,104.0490275782214,2068,215173.38903176185
1544,101.20357893095604,765,77420.73788218138
1545,108.85523015247247,1132,123224.12053259884
1546,112.22445460094059,1196,134220.44770272495
1547,89.48707471277135,1453,130024.71955765676
1548,100.00156149987129,1416,141602.21108381773
1549,116.38332601293541,1040,121038.65905345284
1550,93.27809328117564,1536,143275.1512798858
1551,123.25147976645394,1068,131632.5803905728
1552,58.07301423320746,1962,113939.25392555303
1553,92.72812437649452,1560,144655.87402733145
1554,100.94031526201445,1324,133644.97740690713
1555,104.70424960047035,1675,175379.61808078783
1556,90.13348837390242,1224,110323.38976965657
1557,94.62537650618344,1392,131718.52409660735
1558,110.91860715721111,919,101934.19997747701
1559,44.91804291116671,1884,84625.59284463807
1560,84.62191409425793,1680,142164.81567835333
1561,85.73203030652292,1832,157061.07952154998
1562,132.10401256033595,892,117836.77920381966
1563,127.60201654284913,864,110248.14229302165
1564,133.1484054775874,1373,182812.7607207275
1565,99.89080230639024,1440,143842.75532120196
1566,154.79461873773516,1483,229560.41958806125
1567,104.82718815506394,756,79249.35424522833
1568,113.20424924518215,1981,224257.61775470586
1569,80.2705676564658,1610,129235.61392690994
1570,123.07173267960525,1074,132179.04089789605
1571,80.92328732392082,1531,123893.55289292277
1572,129.0681723735811,1172,151267.89802183703
1573,156.54812752328667,1508,236074.5763051163
1574,105.74503105243457,1298,137257.05030606006
1575,154.8545185177844,1433,221906.52503598508
1576,129.18649165606746,1802,232794.05796423357
1577,152.26664460960217,1222,186069.83971293384
1578,108.4014852276606,1445,156640.14615396957
1579,146.9800741623808,965,141835.77156669745
1580,127.64181017147689,1692,215969.9428101389
1581,130.50767747912414,1026,133900.87709358137
1582,134.0440292876658,876,117422.56965599525
1583,170.96907698721213,1978,338176.8342807056
1584,110.7302896516569,2098,232312.14768917617
1585,155.59467279649778,848,131944.2825314301
1586,102.33129722155365,640,65492.03022179434
1587,100.476506535093,992,99672.69448281225
1588,122.45753949524419,1196,146459.21723631205
1589,91.16493076923359,1120,102104.72246154162
1590,127.76308328621724,1096,140028.3392816941
1591,91.60497922745162,960,87940.78005835356
1592,103.86568159604008,1296,134609.92334846794
1593,118.95708035195798,856,101827.26078127604
1594,14.851476957820637,2650,39356.41393822469
1595,64.68023499397702,1666,107757.27149996572
1596,103.24103783103533,2133,220213.13369359836
1597,83.29931355522001,2177,181342.60560971397
1598,121.99760637709517,1652,201540.04573496123
1599,162.52444996740292,1034,168050.28126629462
1600,147.18921236701726,1191,175302.35192911755
1601,90.68860407121872,540,48971.84619845811
1602,120.19707630827202,1107,133058.16347325713
1603,90.24697674490403,952,85915.12186114864
1604,163.03338454398033,1646,268352.9509593916
1605,136.34583929025757,1916,261238.62808013352
1606,133.1770842100966,1285,171132.55320997414
1607,109.7205749313672,2048,224707.73745944002
1608,150.78535929947896,1346,202957.09361709867
1609,150.2626363113211,1214,182418.84048194383
1610,108.96561261759405,1444,157346.3446198058
1611,113.80803898441286,1264,143853.36127629786
1612,122.93884342832405,1430,175802.5461025034
1613,124.66862176977838,1344,167554.62765858215
1614,125.85720429649825,945,118935.05806019084
1615,86.94166813942877,1092,94940.30160825622
1616,84.24748828152383,1092,91998.25720342401
1617,96.19320186534674,1092,105042.97643695863
1618,135.33746916088387,874,118284.94804661251
1619,131.41703667281024,833,109470.39154845093
1620,74.04228953301879,2432,180070.84814430168
1621,119.15343356273593,1274,151801.47435892557
1622,100.35179617140341,1479,148420.30653750565
1623,153.88374472194573,1803,277452.39173366816
1624,124.46419373953381,1797,223662.15614994225
1625,134.25065286340532,882,118409.0758255235
1626,131.12588271219602,1434,188034.5158092891
1627,124.85610970836126,1608,200768.6244110449
1628,123.49310532909635,2283,281934.75946632697
1629,117.48104610604798,1628,191259.1430606461
1630,156.0524598775537,2522,393564.3038111904
1631,156.26072587548265,1478,230953.35284396337
1632,155.11189774114803,1734,268964.0306831507
1633,125.31305334088847,1382,173182.63971710787
1634,118.06256760614303,1636,193150.36060365
1635,119.2188317062811,1516,180735.74886672213
1636,129.4539401244673,1190,154050.18874811608
1637,93.33447686458794,1934,180508.87825611306
1638,97.3770230198777,2050,199622.89719074927
1639,117.68707080234003,1671,196655.0953107102
1640,87.30278137485845,2673,233360.33461499665
1641,123.95751300803056,1707,211595.47470470818
1642,129.1063057642475,1884,243236.2800598423
1643,130.088254848789,1874,243785.3895866306
1644,134.66289909521117,1811,243874.51026142744
1645,123.64597808324515,1621,200430.1304729404
1646,139.72562191683687,1116,155933.79405918994
1647,142.788707685001,1193,170346.9282682062
1648,112.92473519201076,1180,133251.1875265727
1649,120.74945317688844,1050,126786.92583573287
1650,125.157701971287,864,108136.25450319197
1651,127.32887191515147,864,110012.14533469087
1652,116.79791480895994,987,115279.54191644347
1653,114.82748862515825,987,113334.7312730312
1654,106.67825009341004,1548,165137.93114459876
1655,140.5053798220207,1055,148233.17571223184
1656,112.6157150764077,1456,163968.4811512496
1657,107.54903105882693,1548,166485.90007906407
1658,111.2600882672134,1456,161994.68851706272
1659,145.60723925677792,836,121727.65201866634
1660,134.83914678190115,1120,151019.84439572928
1661,144.03646084531783,2772,399269.069463221
1662,138.93841160113868,2690,373744.32720706303
1663,178.69318691349224,2020,360960.2375652543
1664,183.59034968204458,2674,490920.5950497872
1665,165.5939535974029,1736,287471.10344509146
1666,179.88554580609525,1782,320556.0426264617
1667,136.2461089332926,2520,343340.19451189734
1668,183.09403464776653,1743,319132.90239105705
1669,182.62330301002146,1531,279596.27690834284
1670,181.29969195007425,1808,327789.8430457342
1671,158.50963671657803,1760,278976.96062117734
1672,177.1748906703848,2452,434432.8319237835
1673,117.34461850447178,2400,281627.08441073226
1674,159.80547843201634,1606,256647.59836181824
1675,151.0455666649426,1358,205119.87953099207
1676,156.33410678439554,1306,204172.34346042058
1677,161.72797964409096,1358,219626.59635667552
1678,190.11592080545904,2492,473768.87464720395
1679,163.55480931014154,2200,359820.5804823114
1680,169.92389054568446,1884,320136.6097880695
1681,165.6576790522355,1456,241197.58070005488
1682,170.4680251426015,1712,291841.25904413377
1683,145.48184215038611,1405,204401.9882212925
1684,124.81657697702519,1456,181732.9360785487
1685,114.80295751809899,1490,171056.4067019675
1686,138.98736907963973,1220,169564.5902771605
1687,125.0316735743695,1374,171793.5194911837
1688,120.93615876531544,1630,197125.93878746417
1689,121.73435496587513,1594,194044.56181560495
1690,133.93972330094562,1489,199436.24799510802
1691,135.86368272494542,1342,182329.06221687674
1692,129.49546611731773,2004,259508.91409910473
1693,128.45564747799244,1374,176498.05963476162
1694,123.25243838288554,1514,186604.1917116887
1695,121.32008125417974,1430,173487.71619347704
1696,115.96148402325105,2312,268102.9510617564
1697,121.28909002363685,1430,173443.39873380068
1698,126.04962870545546,2687,338695.3523315588
1699,142.79716826150127,2063,294590.5581234771
1700,125.40754826007776,2061,258464.95696402027
1701,125.26082214126438,2232,279582.1550193021
1702,157.47925774233,1696,267084.8211309917
1703,152.26548683393958,1658,252456.1771706718
1704,173.80892503155656,1702,295822.7904037093
1705,157.9013399410295,1432,226114.71879555425
1706,174.4056131017603,2490,434269.9766233832
1707,144.65694071715563,1436,207727.3668698355
1708,147.5037131018364,1402,206800.20576877464
1709,171.13710491341544,1530,261839.7705175256
1710,156.38513590857258,1448,226445.6767956131
1711,147.80706027807946,1795,265313.67319915263
1712,143.44202671895312,1836,263359.5610559979
1713,164.4094435758583,1662,273248.4952230765
1714,153.2288009222948,1553,237964.32783232382
1715,134.05891749416082,1653,221599.39061784785
1716,146.0673251379916,1218,177910.00201807375
1717,146.36627396852703,1141,167003.91859808934
1718,123.71095487981233,1158,143257.2857508227
1719,114.18528966374038,1812,206903.74487069756
1720,161.1300586882469,1512,243628.6487366293
1721,147.98892727279951,1114,164859.66498189865
1722,115.60413388115796,1114,128783.00514360997
1723,142.00963267708687,1114,158198.73080227477
1724,145.82458379872605,1450,211445.64650815277
1725,112.18890247303364,2122,238064.85104777737
1726,105.86789709273683,1730,183151.4619704347
1727,127.83692141593883,1332,170278.77932603052
1728,121.2710997056364,1540,186757.49354668005
1729,117.75722442149197,1400,164860.11419008876
1730,90.30255403821377,1882,169949.40669991833
1731,114.76473856129144,980,112469.4437900656
1732,134.22082699093448,864,115966.7945201674
1733,130.4143543835562,864,112678.00218739256
1734,119.34483509238305,1020,121731.73179423071
1735,131.38573511149627,912,119823.79042168461
1736,114.03733016594663,912,104002.04511134332
1737,166.60318084667244,2014,335538.8062251983
1738,132.7826288319792,1755,233033.5136001235
1739,84.87816581030529,3005,255058.8882599674
1740,128.5524490446611,1726,221881.52705108505
1741,156.0364538996863,1256,195981.786098006
1742,125.70235450965549,1512,190061.96001859911
1743,138.3404483678454,1452,200870.33103011153
1744,169.3138248327425,1694,286817.61926666583
1745,132.31044695093283,1740,230220.17769462313
1746,93.91720933286513,2499,234699.10612282995
1747,109.77466679734528,2067,226904.23627011268
1748,70.40350823474466,2640,185865.26173972592
1749,117.0814349556938,1336,156420.7971008069
1750,131.9835276437659,1216,160491.96961481933
1751,99.50620551705924,2288,227670.19822303153
1752,125.9297464335981,864,108803.30091862875
1753,101.22008844639231,1568,158713.09868394316
1754,108.79422164355742,2061,224224.89080737185
1755,133.08641420192407,1320,175674.0667465398
1756,117.01991686621966,894,104615.80567840037
1757,119.45975106056221,864,103213.22491632575
1758,110.53026744585839,1362,150542.2242612591
1759,99.8566330151192,1728,172552.26185012597
1760,123.47100575883735,1313,162117.43056135345
1761,124.39545621294872,1292,160718.92942712974
1762,75.34967072473592,2140,161248.29535093484
1763,111.79363220105063,1576,176186.7643488558
1764,111.5858942778467,960,107122.45850673283
1765,127.74904153703108,1691,216023.62923911956
1766,133.58722647551963,1453,194102.24006893003
1767,144.85419929994998,1567,226986.53030302163
1768,118.02042267479146,1144,135015.36353996143
1769,131.7911757476055,1329,175150.47256856773
1770,140.28961310951433,988,138606.13775220016
1771,110.28765192100525,1202,132565.7576090483
1772,102.43976313434757,1382,141571.75265166836
1773,96.59381596009189,1200,115912.57915211027
1774,91.98645350679317,1866,171646.72224367605
1775,123.08867956215113,1062,130720.1776950045
1776,108.643092345323,1112,120811.11868799917
1777,120.94728763526587,793,95911.19909476583
1778,133.2331298859367,1031,137363.35691240075
1779,98.28482280841058,1210,118924.6355981768
1780,126.86469309831352,1527,193722.38636112475
1781,106.32167464571523,1200,127586.00957485828
1782,93.51620615697209,792,74064.8352763219
1783,108.19223145774731,1352,146275.89693087435
1784,95.29174326055158,1039,99008.12124771309
1785,97.88375652033096,1078,105518.68952891677
1786,46.64347164300318,2377,110871.53209541856
1787,109.8297208990989,1690,185612.22831947714
1788,75.54085319263959,599,45248.971062391116
1789,109.89167268394976,846,92968.3550906215
1790,99.56345316382271,725,72183.50354377147
1791,79.19635659653602,2544,201475.53118158763
1792,117.91382103106616,1380,162721.0730228713
1793,138.13825692462763,1040,143663.78720161272
1794,148.49576974768377,951,141219.47703004727
1795,124.09628164514913,1105,137126.3912178898
1796,107.6032021639495,1142,122882.85687123034
1797,131.32304538143126,1133,148789.01041716163
1798,108.13960406351077,1041,112573.32783011472
1799,122.39641308547357,732,89594.17437856665
1800,105.14385378514021,1183,124385.17902782086
1801,91.0610357516806,1461,133040.17323320537
1802,115.35413431554935,1495,172454.43080174626
1803,91.02083768661214,1806,164383.63286202154
1804,138.06248496581668,941,129916.7983528335
1805,130.8450111512392,1045,136733.03665304495
1806,103.82805457442714,1378,143075.0592035606
1807,81.97277216775035,1944,159355.06909410667
1808,98.04850148098296,1306,128051.34293416375
1809,82.6161772950262,1464,120950.08355991836
1810,85.17573606621272,1558,132703.79679115943
1811,53.329249200532445,1701,90713.05289010568
1812,72.47611532752705,1447,104872.93887893164
1813,97.70968656192474,1328,129758.46375423606
1814,94.7346346553993,861,81566.5204382988
1815,78.45029154899203,612,48011.57842798312
1816,104.19514630723438,792,82522.55587532964
1817,76.7839556245084,1510,115943.77299300767
1818,69.86691400040138,2007,140222.89639880558
1819,107.87385752664102,1288,138941.52849431362
1820,86.50265405533116,816,70586.16570915023
1821,88.68918183010658,1480,131259.98910855773
1822,107.17270029555266,1521,163009.6771495356
1823,74.01893555867241,797,58993.09164026191
1824,96.19984132443858,1432,137758.17277659604
1825,81.14772261111966,1654,134218.33319879192
1826,96.25672688027544,1142,109925.18209727455
1827,115.87203129391958,995,115292.67113744997
1828,84.34025148454998,1582,133426.27784855806
1829,125.21221800245792,1072,134227.4976986349
1830,86.49858128499693,1768,152929.49171187458
1831,89.38828855763916,1944,173770.83295605052
1832,49.96660845355336,2128,106328.94278916155
1833,80.31848329453737,1930,155014.67275845713
1834,102.27710809058408,1427,145949.43324526347
1835,92.71577294618851,1864,172822.20077169538
1836,89.16959920005979,1666,148556.55226729962
1837,98.65330286266806,892,87998.7461534999
1838,98.36638419363214,1403,138008.0370236659
1839,115.17348812682792,704,81082.13564128685
1840,122.88781115100369,1200,147465.37338120444
1841,126.14503968932343,1152,145319.08572210057
1842,91.80096683087163,1112,102082.67511592925
1843,127.79105642652235,1052,134436.19136070152
1844,130.76863284645606,1034,135214.76636323557
1845,77.25023072305044,1774,137041.90930269146
1846,129.15391518523631,1138,146977.15548079892
1847,71.85007941618017,2071,148801.5144709091
1848,74.24791392186592,660,49003.623188431506
1849,78.29121588067335,1383,108276.75156297124
1850,109.29072882502794,1073,117268.95202925499
1851,89.0452476378174,1639,145945.1608783827
1852,104.88090288694832,1089,114215.30324388672
1853,121.87336155400374,1049,127845.15627014992
1854,149.04469995120053,1061,158136.42664822377
1855,119.23965586971462,1338,159542.65955367818
1856,118.59263949296417,1879,222835.56960727967
1857,76.95354822153172,2016,155138.35321460795
1858,69.99919806212438,2228,155958.2132824131
1859,91.7127277776915,1535,140779.03713875645
1860,135.86527461072524,1229,166978.4224965813
1861,92.47985424333001,1513,139922.0194701583
1862,99.7023645841615,2787,277870.4900960581
1863,99.7023645841615,2787,277870.4900960581
1864,99.7023645841615,2787,277870.4900960581
1865,185.17334198541698,1680,311091.2145355005
1866,179.44478353808404,1720,308645.0276855045
1867,161.0787949429614,1468,236463.6709762673
1868,163.43248590331177,1838,300388.90909028705
1869,164.02041296799916,1290,211586.33272871893
1870,177.66008033808862,1254,222785.74074396314
1871,158.5594920186112,1498,237522.11904387956
1872,122.06749488821504,1422,173579.97773104178
1873,132.24406346548687,1759,232617.30763579143
1874,141.4593152977203,990,140044.7221447431
1875,154.6025464038271,1463,226183.52538879903
1876,119.34656474012718,1772,211482.11271950536
1877,161.62979041215988,1444,233393.41735515886
1878,142.29188242410407,1492,212299.48857676328
1879,134.05334612633362,907,121586.3849365846
1880,137.96056951482126,914,126095.96053654663
1881,172.40476280402243,1611,277744.0728772801
1882,117.71514010200906,2184,257089.86598278777
1883,122.58514116594142,1725,211459.36851124896
1884,119.35901932268337,1870,223201.3661334179
1885,166.77677760534368,1513,252333.26451688498
1886,161.9802990500326,1828,296099.9866634596
1887,157.5164364121532,1417,223200.7903960211
1888,177.5435089189582,1602,284424.70128817105
1889,122.1388638961887,1396,170505.8539990794
1890,108.03967101937701,1149,124137.58200126418
1891,138.77745147650614,1072,148769.42798281458
1892,106.73370866318407,876,93498.72878894924
1893,106.25370191070022,1368,145355.0642138379
1894,82.92371911604255,1678,139146.00067671938
1895,96.83041624748682,1560,151055.44934607943
1896,97.23477446394986,1298,126210.73725420692
1897,98.61505715532269,1268,125043.89247294917
1898,91.10206798237596,1242,113148.76843411094
1899,121.76951256024427,1232,150020.03947422095
1900,118.48385536047203,1228,145498.17438265966
1901,97.19537738822146,1567,152305.15636734304
1902,116.54366762184009,1273,148360.08888260243
1903,73.9278276032195,2480,183341.01245598437
1904,110.82522183989227,1112,123237.6466859602
1905,111.05379073047231,1561,173354.96733026727
1906,107.04041243354106,1523,163022.54813628303
1907,108.32947303464994,1906,206475.9756040428
1908,119.58555674670765,1032,123412.2945626023
1909,123.08117276572762,1229,151266.76132907925
1910,112.68859334707656,1229,138494.2812235571
1911,98.76024487961843,1982,195742.80535140372
1912,121.58292503539394,2365,287543.61770870665
1913,69.00134155270621,2168,149594.90848626706
1914,100.53674473556123,572,57507.01798874102
1915,164.53684400262966,1648,271156.7189163337
1916,69.29863734312778,810,56131.8962479335
1917,127.29072746495615,2052,261200.57275809
1918,140.86410356396925,926,130440.15990023552
1919,134.47030372479594,1287,173063.28089381236
1920,116.05941147509577,1595,185114.76130277777
1921,181.79277519127925,2036,370130.09028944455
1922,182.98122984553447,1641,300272.19817652204
1923,99.01779522132802,2237,221502.80791011077
1924,153.34647462398993,1479,226799.43596888112
1925,112.20950763405142,2014,225989.94837497955
1926,182.9512370971488,1978,361877.54697816033
1927,124.00635595090716,1008,124998.40679851442
1928,124.30306325832362,1404,174521.50081468635
1929,132.4566627867465,796,105435.50357825022
1930,128.08133689151566,1091,139736.7385486436
1931,145.0943567269685,883,128118.31698991319
1932,113.82464835584972,1287,146492.32243397858
1933,108.19206310712627,1632,176569.44699083007
1934,122.85446604807316,1604,197058.56354110935
1935,119.34076124025319,1470,175430.91902317217
1936,125.18396776999646,1604,200795.0843030743
1937,110.1979372274908,1636,180283.82530417494
1938,122.57674074415104,1384,169646.20918990503
1939,156.74471270875108,1682,263644.6067761193
1940,154.9256763944071,1280,198304.8657848411
1941,110.81741535117567,1633,180964.83926846986
1942,110.93382806256352,1709,189585.91215892107
1943,156.3460611941075,1337,209034.68381652175
1944,114.04025570176702,2500,285100.63925441756
1945,177.14783534703588,1884,333746.5217938156
1946,111.88872282933494,1474,164923.9774504397
1947,175.1763625129695,1710,299551.5798971778
1948,115.07143858023039,1488,171226.30060738281
1949,140.3501928944346,1688,236911.1256058056
1950,147.7282153262853,1260,186137.55131111946
1951,131.41978760199152,2064,271250.44161051046
1952,133.84917870073184,1782,238519.23644470415
1953,136.43086856565048,1211,165217.78183300275
1954,99.12107339770841,2044,202603.474024916
1955,105.41327487787373,1308,137880.56354025885
1956,106.71898333553293,2840,303081.9126729135
1957,117.17089509540301,1444,169194.77251776194
1958,127.0759480053473,2340,297357.71833251265
1959,86.22007841824222,1792,154506.38052549007
1960,108.90951864206886,936,101939.30944897645
1961,125.4182852909139,864,108361.39849134961
1962,119.92071418971341,987,118361.74490524713
1963,122.03634869735538,987,120449.87616428976
1964,98.36317571944164,1302,128068.85478671303
1965,110.85098500263996,1456,161399.03416384378
1966,140.27035562791696,1055,147985.2251874524
1967,177.10688807702252,1582,280183.09693784965
1968,159.2602619111833,2464,392417.28534915566
1969,177.88136917506506,1950,346868.66989137686
1970,148.77545175355078,2748,408834.94141875755
1971,155.0583591808504,2790,432612.8221145726
1972,159.7369329736316,2331,372346.7907615353
1973,127.5829411838098,2088,266393.18119179487
1974,134.7187798983075,2332,314164.1947228531
1975,188.6485700882722,2470,465961.9681180324
1976,174.5472994815226,1575,274911.9966833981
1977,129.32664992812522,2649,342586.2956596037
1978,116.81262042400829,2690,314225.9489405823
1979,168.75451693044465,1866,314895.9285922097
1980,147.550019643435,1367,201700.87685257566
1981,184.9127524388697,1800,332842.95438996545
1982,172.19271218638346,1342,231082.61975412662
1983,159.60966762275916,1342,214196.1739497428
1984,127.97107450618762,1626,208080.96714706108
1985,153.77450632444595,1455,223741.90670206887
1986,150.45156088442388,1576,237111.65995385204
1987,138.5173113062349,1246,172592.56988756868
1988,113.9727666978381,1515,172668.74154722472
1989,115.49864871255477,1720,198657.6757855942
1990,105.976335328809,1986,210469.00196301469
1991,161.72797964409096,1358,219626.59635667552
1992,119.22543601810503,1892,225574.5249462547
1993,125.49700519794555,1414,177452.76534989502
1994,106.87296974687297,2322,248159.03575223903
1995,118.20242623008892,1651,195152.2057058768
1996,115.40094612856865,2199,253766.68053672244
1997,135.6361782702404,2172,294601.7792029622
1998,170.11385485223343,2006,341248.39283358026
1999,121.89444460350364,2125,259025.69478244524
2000,109.40680687133488,2501,273626.42398520856
2001,113.82552616706084,2197,250074.68098903267
2002,159.643194909891,1578,251916.961567808
2003,142.84552309174842,1861,265835.5184737438
2004,149.03235608576813,1874,279286.63530472945
2005,161.66251537390622,1460,236027.27244590307
2006,156.842243414505,1372,215187.55796470086
2007,150.75744766486537,1660,250257.3631236765
2008,162.1032119199,1218,197441.71211843818
2009,111.76360130424689,1696,189551.06781200273
2010,119.8294752668703,1663,199276.41736880533
2011,125.09731606374248,1175,146989.3463748974
2012,145.31116607028355,1162,168851.57497366949
2013,115.34973594074961,1609,185597.72512866612
2014,116.48890311414743,1680,195701.35723176767
2015,125.40715477691685,1657,207799.6554653512
2016,119.73524281225798,1677,200796.00219615662
2017,119.8215266069326,1737,208129.9917162419
2018,114.29709557672516,984,112468.34204749756
2019,140.6150375138302,864,121491.39241194929
2020,129.35797293455767,890,115128.59591175632
2021,121.48910653163125,864,104966.5880433294
2022,137.74344813908442,1430,196973.13083889073
2023,96.2750273320595,1641,157987.31985190962
2024,84.14316263670537,2683,225756.1053542805
2025,120.5376144781302,2786,335817.7939360707
2026,147.67075075963305,1245,183850.08469574313
2027,136.59704921592834,1200,163916.45905911401
2028,135.65830773102584,1392,188836.36436158797
2029,124.46548866646117,1549,192797.04194434834
2030,169.7818445848792,1638,278102.6614300321
2031,179.48610586202028,1310,235126.79867924657
2032,177.11288785529632,1419,251323.18786666548
2033,173.49065912044603,1557,270124.95625053445
2034,139.9355288803789,1404,196469.48254805198
2035,130.97968067329452,1789,234322.6487245239
2036,146.31686640265968,1586,232058.55011461827
2037,148.83161212826144,1607,239172.40069011613
2038,136.46261580408418,2393,326555.03961917345
2039,164.01217171147596,1239,203211.0807505187
2040,106.4079397248687,2944,313264.97455001343
2041,161.90958985290024,1671,270550.9246441963
2042,119.42643171887983,1812,216400.69427461026
2043,128.98701929327513,1427,184064.4765315036
2044,112.5491869571648,1740,195835.58530546675
2045,130.6614217439443,1620,211671.50322518975
2046,99.99722529127155,1625,162495.49109831627
2047,105.84775643905436,1464,154961.1154267756
2048,134.54363139130112,925,124452.85903695354
2049,99.68584755071754,1728,172257.14456763992
2050,115.98692294851332,1670,193698.16132401724
2051,97.92949990626869,1014,99300.51290495646
2052,111.03771000622135,1114,123696.00894693058
2053,124.82913937967237,1118,139558.9778264737
2054,90.72643638587078,906,82198.15136559893
2055,109.16282038295037,1496,163307.57929289376
2056,105.3882045147102,1337,140904.02943616753
2057,115.17546858544654,1036,119321.78545452261
2058,105.56310403886141,1988,209859.45082925647
2059,113.84234993047744,1176,133878.60351824146
2060,127.3352611989734,1440,183362.7761265217
2061,120.46972285494917,1570,189137.4648822702
2062,120.36995808808024,1104,132888.43372924058
2063,109.67393536238944,882,96732.41098962749
2064,119.43388046381278,1152,137587.83029431233
2065,121.25629913707564,950,115193.48418022186
2066,96.36285295849814,1790,172489.50679571167
2067,79.53244865251122,1764,140295.2394230298
2068,92.46716654483214,1824,168660.11177777383
2069,90.36207281140457,869,78524.64127311058
2070,90.84733004270186,1159,105292.05551949145
2071,115.7600977608771,672,77790.78569530942
2072,111.79134847334979,1436,160532.3764077303
2073,123.40107724016241,1044,128830.72463872956
2074,145.65913136253937,1312,191104.78034765166
2075,138.93235517596145,1081,150185.87594521433
2076,123.34018565899464,876,108046.0026372793
2077,110.6926002551545,1256,139029.90592047406
2078,117.8852672907135,1027,121068.16950756276
2079,111.54533015636252,1320,147239.83580639854
2080,116.71571229048652,984,114848.26089383874
2081,113.1326188064154,1278,144583.48683459888
2082,82.87329136774065,1800,149171.92446193317
2083,96.23404498253683,1588,152819.66343226848
2084,113.62366569452297,825,93739.52419798145
2085,107.14807930481629,1117,119684.4045834798
2086,120.13664386195842,1133,136114.8174955989
2087,104.35848930787267,1323,138066.28135431555
2088,96.08516298659094,1360,130675.82166176368
2089,109.17948205322875,672,73368.61193976972
2090,102.52956539517845,1456,149283.04721537983
2091,70.03846630571786,1594,111641.31529131427
2092,78.00794921703869,1656,129181.16390341606
2093,74.43264605944955,1740,129512.80414344222
2094,125.20870229911793,1027,128589.33726119412
2095,113.79172776243138,1436,163404.92106685147
2096,96.25229129577963,899,86530.80987490588
2097,96.2362138797597,1080,103935.11099014049
2098,101.57425445258923,1499,152259.80742443126
2099,89.57501116915466,407,36457.02954584595
2100,62.28864840734036,1588,98914.3736708565
2101,89.71713257473641,1627,145969.77469909613
2102,102.02762851896387,1450,147940.0613524976
2103,105.41989337467646,1017,107212.03156204596
2104,57.38721720452304,2350,134859.96043062914
2105,81.29013323376023,1540,125186.80517999076
2106,68.11280027857936,1086,73970.50110253718
2107,76.73068567111625,2495,191443.06074943504
2108,109.12005728068141,984,107374.1363641905
2109,104.34609152138796,1093,114050.27803287705
2110,113.88885926154433,1143,130174.96613594517
2111,93.9667741620301,1668,156736.5793022662
2112,77.6321529388797,1738,134924.68180777293
2113,115.42232797448457,1210,139661.01684912635
2114,105.64537203769407,1290,136282.52992862536
2115,104.41557186238038,1672,174582.8361539
2116,120.94234782322962,949,114774.28808424491
2117,116.92463111870529,1497,175036.17278470183
2118,100.1494826002222,1342,134400.6056494982
2119,109.40328974524323,1013,110825.5325119314
2120,103.80266221772695,1216,126224.03725675597
2121,89.70722513488522,896,80377.67372085716
2122,87.15504087867771,1136,99008.12643817787
2123,111.15461562389646,808,89812.92942410834
2124,91.53267003797669,2009,183889.13410629515
2125,76.90542353975627,1902,146274.11557261643
2126,106.40412071506807,1716,182589.4711470568
2127,86.99336610300213,1984,172594.83834835622
2128,80.80947860136291,1609,130022.45106959292
2129,120.03411851416797,768,92186.203018881
2130,94.20661033986255,1536,144701.35348202888
2131,81.4639635518796,1969,160402.54423365093
2132,96.64740198529034,1308,126414.80179675977
2133,121.13990490842025,1040,125985.50110475706
2134,101.82225996395937,1236,125852.31331545378
2135,121.04532526844673,759,91873.40187875107
2136,56.220667533254755,1344,75560.57716469439
2137,115.20764280858396,1054,121428.85552024748
2138,123.68716769751757,1075,132963.7052748314
2139,134.47023620953098,1096,147379.37888564594
2140,134.16907656803755,992,133095.72395549325
2141,130.61994026895263,1034,135061.01823809702
2142,113.25143130568358,1073,121518.78579099849
2143,120.68679226145298,1126,135893.32808639607
2144,125.24722950896717,1140,142781.84164022256
2145,132.4415718243307,960,127143.90895135747
2146,130.8568021119214,1188,155457.88090896263
2147,108.91818339961367,1721,187448.19363073513
2148,106.93810976468194,1350,144366.44818232063
2149,140.7596764695004,904,127246.74752842836
2150,136.12927336925566,1524,207461.01261474562
2151,112.51141545769224,1079,121399.81727884992
2152,114.95092422903599,1518,174495.50297967665
2153,107.18055492008921,1509,161735.4573744146
2154,122.07309731934777,864,105471.15608391647
2155,116.39710910137296,1269,147707.9314496423
2156,82.79551342204923,2814,232986.5747696465
2157,149.6841902559055,1626,243386.49335610232
2158,101.22597819198518,2200,222697.1520223674
2159,102.96172894882068,2037,209733.0418687477
2160,134.2495998810349,1356,182042.4574386833
2161,156.0805781075809,1615,252070.13364374315
2162,192.05277324977828,2276,437112.11191649537
2163,179.54040606778744,1766,317068.3571157126
2164,160.25099388520425,1511,242139.25176054362
2165,109.15271205391684,1643,179337.90590458538
2166,143.10525222332024,990,141674.19970108703
2167,161.60754013619476,1418,229159.49191312416
2168,121.98267017508351,1771,216031.3088800729
2169,131.63817657404115,1652,217466.26770031598
2170,131.49434295868014,1823,239714.1872136739
2171,131.14692207910434,1174,153966.4865208685
2172,129.2573159433864,1076,139080.87195508377
2173,110.99846879490599,1558,172935.61438246354
2174,111.53645967508896,2161,241030.28935786724
2175,161.97065075252522,1947,315356.8570151666
2176,170.3397701638803,1786,304226.8295126902
2177,104.32022589891517,2327,242753.1656667756
2178,130.09061366976937,1764,229479.84251347315
2179,155.76982999747668,848,132092.81583786022
2180,149.98789199817963,1838,275677.74549265415
2181,141.23786451792603,1445,204088.7142284031
2182,147.83764040343522,1564,231218.06959097268
2183,147.54016019419475,1361,200802.15802429907
2184,115.69883220572297,1092,126343.12476864948
2185,118.38206095306248,1033,122288.66896451353
2186,138.95625666281057,1127,156603.7012589875
2187,129.97718619076602,1117,145184.51697508563
2188,116.36569582601953,1398,162679.2427647753
2189,16.944112103698444,3820,64726.50823612806
2190,74.83006463663548,1152,86204.23446140408
2191,74.83006463663548,1152,86204.23446140408
2192,107.09116170413267,784,83959.47077604002
2193,103.6495310026728,1053,109142.95614581446
2194,93.20951296274382,1137,105979.21623863972
2195,109.07549495817898,930,101440.21031110645
2196,84.02763223170246,1204,101169.26920696975
2197,97.74656571522394,1292,126288.56290406933
2198,104.99459983134955,1424,149512.31015984176
2199,80.48274328277182,1920,154526.86710292188
2200,105.71304079971753,1316,139118.36169242827
2201,114.27579996034717,1264,144444.61114987882
2202,126.85771125462338,1512,191808.85941699054
2203,95.88434874118059,1603,153702.61103211247
2204,90.57339881077928,1938,175531.24689529024
2205,89.23663194994947,1374,122611.13229923056
2206,123.81710015057831,1091,135084.45626428095
2207,111.1214698696349,1873,208130.51306582615
2208,104.82918964708529,2161,226535.8788273513
2209,108.53889434773453,1898,206006.82147200013
2210,125.4224505542935,1032,129435.9689720309
2211,127.18949099732981,919,116887.1422265461
2212,117.5650263222957,1090,128145.8786913023
2213,83.47254277693025,1200,100167.0513323163
2214,83.05218634973437,1656,137534.4205951601
2215,113.41008897400002,912,103430.00114428802
2216,76.28852361282532,1955,149144.0636630735
2217,70.87501134168554,733,51951.383313455495
2218,64.5756105003104,1361,87887.40589092246
2219,92.34437905172513,1049,96869.25362525966
2220,88.64791957002126,864,76591.80250849837
2221,165.54400862314196,1648,272816.52621093794
2222,154.3481051143607,1646,254056.9810182377
2223,136.2542910662621,2032,276868.7194466446
2224,120.70222069979889,1820,219678.04167363397
2225,77.00520060422468,1872,144153.7355311086
2226,119.19338747359552,1689,201317.63144290284
2227,146.51988835035104,1501,219926.3524138769
2228,172.3455546836799,1537,264895.117548816
2229,146.09144863604024,1780,260042.77857215164
2230,108.59633431200007,1442,156595.9140779041
2231,131.64565579868997,1612,212212.79714748822
2232,125.15183139076635,1495,187101.9879291957
2233,147.59891385134006,1256,185384.23579728312
2234,165.94749918690184,1440,238964.39882913863
2235,142.69423265407477,1675,239012.83969557524
2236,162.46627038029317,1728,280741.7152171466
2237,171.9792375038046,1964,337767.22245747223
2238,165.23898365978403,1344,222081.19403874973
2239,117.7116624213254,1092,128541.13536408734
2240,143.51238070192574,1189,170636.2206545897
2241,124.78554981417165,1200,149742.65977700596
2242,127.71803369212557,1040,132826.7550398106
2243,94.93367127531417,1475,140027.1651310884
2244,112.51720599733198,988,111166.999525364
2245,102.17903832777392,988,100952.88986784064
2246,120.5992409069413,1160,139895.1194520519
2247,117.98908410980846,1092,128844.07984791083
2248,131.02567839819358,816,106916.95357292597
2249,137.65295733641835,845,116316.7489492735
2250,136.2358559459018,889,121113.6759359067
2251,64.14555919917552,1836,117771.24668968626
2252,126.09360688259619,1587,200110.55412268016
2253,112.66168396174896,1384,155923.77060306058
2254,103.3439755402494,1694,175064.6945651825
2255,121.32465493852135,1714,207950.4585646256
2256,124.56294162527865,1553,193446.24834405776
2257,86.65317521322959,2299,199215.64981521483
2258,138.36234523686653,1187,164236.10379616058
2259,107.11978065644894,1642,175890.67983788915
2260,132.8338282260039,1128,149836.5582389324
2261,159.24183773674577,1179,187746.12669162327
2262,166.8025030177364,1321,220346.10648642978
2263,128.15287555871373,2541,325636.45679469156
2264,176.2840644548969,2338,412152.14269554894
2265,134.4341134806666,1424,191434.17759646926
2266,173.68546898181228,1612,279980.9759986814
2267,164.11708778156446,2234,366637.574104015
2268,178.87188256457148,2042,365256.38419685495
2269,127.94276459312857,1284,164278.5097375771
2270,127.59593282341916,1479,188714.38464583695
2271,146.8212029330897,1664,244310.48168066127
2272,112.10691898310836,1930,216366.35363739912
2273,138.82061376035483,1177,163391.86239593764
2274,138.82038152574728,1353,187823.97620433607
2275,143.61872293357214,1220,175214.84197895802
2276,140.70839332626542,1324,186297.91276397542
2277,109.01745646895199,1877,204625.7657922229
2278,118.35777833798545,1422,168304.7607966153
2279,126.76370566785556,914,115862.02698041998
2280,107.36980894813667,914,98136.0053785969
2281,129.13357303796886,1337,172651.58715176437
2282,143.2240336669979,1337,191490.5330127762
2283,114.13713704421514,1092,124637.75365228293
2284,106.45535271623817,1218,129662.61960837808
2285,141.61959221352868,1055,149408.66978527277
2286,124.75549535216282,988,123258.42940793687
2287,178.10814792363885,1816,323444.39662932814
2288,157.56038022511802,1694,266907.28410134994
2289,171.77958640000577,2122,364516.28234081226
2290,156.6197465157063,2656,415982.04674571595
2291,111.45540313487402,2550,284211.27799392876
2292,188.65431620857476,2046,385986.7309627439
2293,174.57649771642025,2552,445519.22217230446
2294,123.77528789217422,2758,341372.24400661647
2295,194.4472810288189,2290,445284.2735559953
2296,135.18835123861902,2152,290925.3318655081
2297,141.21332711281195,2100,296547.98693690513
2298,163.47220579963482,1802,294576.914850942
2299,108.54686664624558,2956,320864.5378063019
2300,136.82388175180859,2385,326324.9579780635
2301,149.8706003805446,1818,272464.7514918301
2302,168.58747742258686,1614,272100.18856005516
2303,150.9393972422215,1721,259766.7026538632
2304,147.20467036843195,1828,269090.1374334936
2305,156.63524228962194,1302,203939.08546108776
2306,159.1457280663061,1302,207207.73794233054
2307,149.51428315085332,1362,203638.45365146222
2308,155.76421213115623,1554,242057.58565181677
2309,175.2141421921374,1577,276312.7022370007
2310,159.80156437761684,1324,211577.2712359647
2311,160.78968225211872,1405,225909.50356422682
2312,119.4959191879201,1496,178765.89510512847
2313,113.50010849945647,1536,174336.16665516514
2314,125.1499947744012,1458,182468.69238107695
2315,115.69525127646432,1495,172964.40065831415
2316,103.49352705404579,1746,180699.69823636394
2317,143.09315318288088,1326,189741.52112050005
2318,115.8649421477345,1504,174260.87299019267
2319,125.70727251136952,1456,183029.78877655402
2320,142.2676715520796,1258,178972.73081251615
2321,158.08141929368048,1589,251191.37525765828
2322,137.75472146575976,1266,174397.47737565186
2323,153.84035213062418,1119,172147.35403416847
2324,127.70556331300759,1374,175467.44399207243
2325,136.81692900984262,1525,208645.81674001
2326,123.69555442263197,1394,172431.60286514898
2327,107.47343706395952,1948,209358.25540059316
2328,114.24694194231768,1995,227922.64917492378
2329,116.64186889042946,1690,197124.7584248258
2330,111.19407611364784,1644,182803.06113083704
2331,137.99116045272217,2551,352015.45031489426
2332,111.93301359496081,3078,344529.8158452894
2333,125.78931249422999,2582,324788.00486010185
2334,99.8856423938463,2385,238227.25710932343
2335,118.06543263157789,2202,259980.08265473452
2336,132.72425837015282,2538,336854.1677434479
2337,147.5450680846825,1369,201989.19820793034
2338,176.9267449127749,1542,272821.04065549886
2339,149.7506054784434,1534,229717.42880393215
2340,195.6173673269575,1966,384583.7441647984
2341,140.579438499474,1528,214805.3820271963
2342,160.75864143870774,1538,247246.7905327325
2343,157.03979135485451,1506,236501.9257804109
2344,117.20814637664046,1977,231720.50538661817
2345,143.37989765883356,1830,262385.2127156654
2346,157.75995486350052,1338,211082.8196073637
2347,147.64280942672474,1335,197103.15058467753
2348,138.48749511868402,1792,248169.59125268177
2349,110.4205622112936,1588,175347.85279153424
2350,148.77568148200385,1880,279698.2811861672
2351,150.95693275881456,1584,239115.78148996228
2352,149.74748898047596,1685,252324.518932102
2353,95.41448940228929,2443,233097.59760979275
2354,126.1055591065682,1100,138716.115017225
2355,133.972559672981,1143,153130.63570621726
2356,140.8795963592595,1094,154122.27841702988
2357,138.4621143229432,1486,205754.70188389358
2358,110.26847848773048,1820,200688.63084766947
2359,110.90364309472147,1266,140404.01215791737
2360,120.69901708141003,894,107904.92127078057
2361,133.29829333784278,1040,138630.2250713565
2362,108.02119375632105,2503,270377.0479720716
2363,128.9884759092679,1037,133761.0495179108
2364,151.4458404681028,1055,159775.36169384845
2365,167.06052555948827,1378,230209.40422097483
2366,160.23200619665715,1151,184427.0391323524
2367,149.11417619952272,1565,233363.68575225305
2368,159.00149321411504,1352,214970.01882548354
2369,150.3062090730789,1550,232974.6240632723
2370,126.58618214396665,1501,190005.85939809395
2371,121.98027102209721,1573,191874.96631775892
2372,145.7521830386637,1358,197931.4645665053
2373,138.15685725849698,2048,282945.2436654018
2374,138.11076206194673,2362,326217.6199903182
2375,156.0053770717791,1494,233072.03334523796
2376,137.57717411534645,2362,324957.2852604483
2377,148.285065285207,2497,370267.80801716185
2378,118.25779795521339,1152,136232.98324440583
2379,89.06640688132677,2411,214739.10699087885
2380,138.09207398378908,1082,149415.6240504598
2381,133.5472527582266,1295,172943.69232190342
2382,126.52056777817438,1610,203698.11412286074
2383,128.14241525775174,1594,204259.00992085628
2384,115.24968558942157,2075,239143.09759804976
2385,135.18368535656953,1093,147755.7680947305
2386,128.41930435059976,1052,135097.10817683095
2387,122.40014837284104,1107,135496.96424873505
2388,90.34855022646298,1224,110586.62547719068
2389,114.12357118318857,1074,122568.71545074452
2390,110.62677238673427,1187,131313.9788230536
2391,133.36213757608175,964,128561.1006233428
2392,112.95076297411379,894,100977.98209885773
2393,138.45067027409402,1200,166140.80432891284
2394,130.7077345834674,1042,136197.45943597305
2395,93.6574314634322,2154,201738.10737223297
2396,109.20417189434704,1374,150046.53218283283
2397,136.45989875611906,1652,225431.75274510868
2398,126.83223187646377,908,115163.6665438291
2399,92.74167297374458,666,61765.954200513894
2400,86.32968968150578,670,57840.892086608874
2401,126.6241593032828,808,102312.3207170525
2402,109.19743235086446,1150,125577.04720349413
2403,110.08610304785395,1560,171734.32075465217
2404,112.61962742890785,1280,144153.12310900204
2405,127.28348953848035,1254,159613.49588125438
2406,144.6967326895757,936,135436.14179744286
2407,122.54860497992956,1008,123528.993819769
2408,123.29674836881622,1053,129831.47603236348
2409,107.16411920373093,1144,122595.75236906818
2410,113.55188681540369,1721,195422.79720930976
2411,118.99891696578982,922,109717.00144245822
2412,113.4167140589409,1411,160030.9835371656
2413,108.10314988003904,1216,131453.43025412748
2414,122.16700790898233,1154,140980.72712696562
2415,99.49971611119611,1560,155219.55713346592
2416,127.31382533444162,948,120693.50641705065
2417,117.0257718171764,1040,121706.80268986346
2418,123.65545072942098,925,114381.2919247144
2419,83.3331942389649,1540,128333.11912800593
2420,124.46945444101152,925,115134.24535793565
2421,85.5299753958493,1647,140867.8694769638
2422,112.37774957518025,924,103837.04060746655
2423,75.09791567957063,1544,115951.18180925706
2424,100.24327581829618,1728,173220.3806140158
2425,58.17469897829881,3086,179527.12104703012
2426,115.18860163027455,1281,147556.5986883817
2427,80.25657405588947,1534,123113.58460173444
2428,114.00639338515293,1651,188224.5554788875
2429,114.9872356657911,888,102108.6652712225
2430,137.33886237160368,952,130746.5969777667
2431,105.05610730841352,1238,130059.46084781594
2432,128.76204022763477,1040,133912.52183674017
2433,115.46161958441598,1170,135090.0949137667
2434,115.70682123450456,1242,143707.87197325466
2435,118.40639915483348,1377,163045.6116362057
2436,103.44699345376694,925,95688.46894473441
2437,115.63134665425127,864,99905.4835092731
2438,122.83548477055831,936,114974.01374524258
2439,115.48280318934792,960,110863.491061774
2440,107.32798976604295,1296,139097.07473679166
2441,109.44114206590223,1022,111848.84719135208
2442,109.25603580369625,967,105650.58662217428
2443,99.49110777395879,1072,106654.46753368383
2444,111.42038755941701,1174,130807.53499475557
2445,80.16757378400393,1141,91471.20168754848
2446,61.18692767537243,1798,110014.09596031962
2447,119.40167034803926,1772,211579.75985672558
2448,86.75946170633256,1642,142459.03612179807
2449,92.35046462849925,1232,113775.77242231109
2450,101.46214927642018,1650,167412.54630609328
2451,103.03061782694965,1358,139915.57900899762
2452,75.26621122908057,2454,184703.28235616372
2453,87.6235338611375,968,84819.5807775811
2454,86.18777301751459,1382,119111.50231020516
2455,115.57783137227887,1060,122512.50125461559
2456,101.21923389093342,1435,145249.60063348946
2457,105.83750828444136,1274,134836.98555437828
2458,101.60679887727713,1232,125179.57621680542
2459,106.34706923834801,884,94010.80920669965
2460,102.13415083949326,1409,143907.018532846
2461,89.35248477377581,1322,118123.98487093163
2462,96.69685247347229,1426,137889.7116271715
2463,97.47905469185957,1281,124870.66906027212
2464,75.78445281402549,2264,171576.0011709537
2465,101.25351285130728,1376,139324.8336833988
2466,95.54256476331102,1316,125734.0152285173
2467,120.98607751502175,1344,162605.28818018924
2468,87.03271221663488,1173,102089.3714301127
2469,88.59008346862754,1214,107548.36133091383
2470,79.33278714139851,2294,181989.41370236818
2471,103.39800973625688,1952,201832.91500517342
2472,80.93923610967329,2180,176447.53471908777
2473,94.9484870028324,1315,124857.2604087246
2474,68.37665577195378,1484,101470.95716557941
2475,92.88394294474756,2267,210567.89865574273
2476,98.70038537786127,1282,126533.89405441814
2477,124.78340534995505,999,124658.6219446051
2478,122.37936165365352,1452,177694.83312110492
2479,113.3110110562568,1005,113877.5661115381
2480,126.83748155481521,1020,129374.23118591151
2481,114.04931987387067,1040,118611.2926688255
2482,139.18646291386483,868,120813.84980923467
2483,116.8984000478631,897,104857.86484293321
2484,121.04776840461227,943,114148.04560554937
2485,117.98928170287934,912,107606.22491302596
2486,115.59872237567413,1375,158948.24326655193
2487,63.535162011306625,2654,168622.31997800778
2488,123.71834552277983,1302,161081.28587065934
2489,133.41774521295054,1299,173309.65103162275
2490,118.418095708578,1176,139259.68055328773
2491,91.73859737533758,998,91555.1201805869
2492,122.59248994982704,1522,186585.76970363676
2493,112.97999278971076,1325,149698.49044636675
2494,101.2628152677645,1630,165058.38888645612
2495,82.34396084780906,1242,102271.19937297885
2496,93.14113764634442,2422,225587.8353794462
2497,98.27615515054379,1626,159797.02827478418
2498,116.05008201145279,864,100267.2708578952
2499,99.95426397509004,943,94256.87092850992
2500,117.98805411574915,1038,122471.60017214762
2501,103.44312886297962,1342,138820.67893411865
2502,113.67768912944621,1480,168242.9799115804
2503,77.93139596477954,1362,106142.56130402973
2504,102.48663485788177,1822,186730.64871106058
2505,115.29215802032138,1958,225742.04540378926
2506,155.23109402509635,1651,256286.5362354341
2507,143.38778851475774,2140,306849.8674215816
2508,155.23109402509635,1651,256286.5362354341
2509,146.93081103779411,1546,227155.03386442972
2510,154.57946390814948,1500,231869.1958622242
2511,147.17288641653352,1270,186909.56574899756
2512,122.27916180377622,1795,219491.0954377783
2513,120.37018988663203,1873,225453.3656576618
2514,124.2515907290541,1743,216570.52264074128
2515,144.78917244363163,1022,147974.53423739152
2516,134.72429489011358,1308,176219.37771626856
2517,135.01953261367032,990,133669.33728753362
2518,131.60745093393143,1097,144373.3736745228
2519,124.17809098676764,1873,232585.5644182158
2520,130.00795949146197,1753,227903.95298853284
2521,122.93288619383634,1690,207756.57766758342
2522,130.72436171290497,1842,240794.27427517096
2523,135.7299081765102,894,121342.53790980013
2524,129.1449700811081,1025,132373.5943331358
2525,138.53953546793878,1009,139786.39128715024
2526,138.60709108585752,1040,144151.37472929183
2527,123.96269377001329,907,112434.16324940206
2528,131.48367379665592,879,115574.14926726055
2529,146.85346783521527,864,126881.396209626
2530,133.48099016533502,875,116795.86639466813
2531,158.02884977125711,1673,264382.2656673131
2532,128.17996751684427,1932,247643.69724254313
2533,122.52021775392848,1729,211837.45649654235
2534,149.57689824646184,1592,238126.42200836726
2535,131.59995457248885,2439,320972.2892023003
2536,126.58489864832154,1992,252157.1181074565
2537,165.6475568351898,1341,222133.3737159895
2538,132.6548870347774,1476,195798.61326333144
2539,160.85839178477352,1190,191421.4862238805
2540,134.71545596591318,1330,179171.55643466453
2541,130.14296477514597,1491,194043.16047974266
2542,108.04601640859983,1536,165958.68120360933
2543,127.80506355505986,936,119625.53948753604
2544,104.3757239253024,1088,113560.787630729
2545,96.05846002173985,1351,129774.97948937054
2546,119.89692700682235,1179,141358.47694104354
2547,133.29464419637043,1044,139159.60854101073
2548,62.849295408774424,2233,140342.4766477933
2549,116.69341986531481,1408,164304.33517036325
2550,147.3020490208047,5095,750503.939761
2551,137.28760870747294,1072,147172.316534411
2552,122.48147846499035,960,117582.21932639074
2553,74.83006463663548,1152,86204.23446140408
2554,91.98336567302294,1195,109920.12197926242
2555,124.7294138409261,865,107890.94297240107
2556,112.2284874075109,768,86191.47832896837
2557,116.04503944781732,864,100262.91408291415
2558,39.00219664499332,2592,101093.69370382268
2559,100.51244791286535,1422,142928.70093209454
2560,114.06082890880771,1298,148050.9559236324
2561,128.54705512658484,1098,141144.66652899014
2562,91.81755257628924,1436,131850.00549955136
2563,102.16106316694015,1461,149257.31328689956
2564,104.97459200369394,1718,180346.34906234618
2565,93.29677082553542,1226,114381.84103210643
2566,83.37315980964775,1755,146319.8954659318
2567,103.26343547099361,1355,139921.95506319634
2568,121.09083457256315,1560,188901.70193319852
2569,129.0683808743313,1488,192053.75074100497
2570,124.41806630820838,1045,130016.87929207776
2571,104.20651057696841,1680,175066.93776930694
2572,158.205890030481,1020,161370.0078310906
2573,129.90327379290875,1696,220315.95235277322
2574,89.61280514968826,2726,244284.50683805018
2575,114.68028641748299,1215,139336.54799724184
2576,83.59986077866824,1601,133843.37710664785
2577,81.15609228404196,1828,148353.3366952287
2578,101.03323657681187,816,82443.12104667848
2579,68.41540567153629,845,57811.01779244817
2580,67.78262098464438,1991,134955.19838042697
2581,124.85916152107416,1073,133973.88031211257
2582,124.40168745447534,1001,124526.08914192981
2583,166.58204847897537,1625,270695.82877833495
2584,136.28623018105952,1299,177035.8130051963
2585,133.10040136383077,1392,185275.75869845244
2586,161.18310431983627,1409,227106.99398664932
2587,151.87641238612127,1478,224473.33750668724
2588,141.1357260124065,918,129562.59647938918
2589,143.67573078098576,1026,147411.2997812914
2590,149.8275963753855,1501,224891.22215945364
2591,89.36904866176621,2279,203672.0619001652
2592,135.1774917211411,1689,228314.78351700734
2593,157.94617151019463,1564,247027.8122419444
2594,145.1749144474137,1240,180016.89391479298
2595,156.35993926586502,1312,205144.24031681492
2596,163.40692662869003,1922,314068.11298034224
2597,130.66624471302998,1491,194823.3708671277
2598,107.1332545006079,2486,266333.27068851126
2599,171.19948495755773,1824,312267.8605625853
2600,62.82290179313566,2034,127781.78224723792
2601,138.33441715175047,936,129481.01445403844
2602,94.77733229091336,1092,103496.84686167739
2603,102.70942084741387,992,101887.74548063456
2604,90.1256988805892,1092,98417.26317760341
2605,93.00563928342274,1092,101562.15809749762
2606,139.1166469302019,1008,140229.58010564352
2607,139.17844296996805,1356,188725.96866727667
2608,125.33060830613215,1676,210054.09952107747
2609,109.68501681009184,1432,157068.9440720515
2610,125.33196399080259,796,99764.24333667886
2611,100.91511395274438,1608,162271.50323601297
2612,140.037697915718,1178,164964.40814471582
2613,131.97476448450095,816,107691.40781935278
2614,129.61954924542283,887,114972.54018069005
2615,119.51649156628787,1293,154534.8235952102
2616,129.26545523392588,1024,132367.8261595401
2617,120.00867167202989,1797,215655.58299463772
2618,134.23483281970687,1390,186586.41761939254
2619,114.68403214069815,1851,212280.14349243228
2620,122.65318615396052,1525,187046.10888478978
2621,105.35463168780495,1671,176047.58955032207
2622,102.5746788889993,1776,182172.62970686276
2623,118.14081995859806,2064,243842.6523945464
2624,118.8867527296378,2212,262977.4970379588
2625,113.80006218772735,2687,305780.7670984234
2626,140.38865253380993,1169,164114.33481202382
2627,154.0373533455287,1204,185460.97342801653
2628,133.17775481556146,2798,372631.35797394096
2629,104.3057858795504,3390,353596.61413167586
2630,126.3622855707597,2473,312493.9322164887
2631,154.02349396929822,2698,415555.3867291666
2632,114.2323067316097,2795,319279.2973148491
2633,175.88474436893046,1714,301466.4518483468
2634,176.10483885776455,2000,352209.6777155291
2635,141.65361558902066,1102,156102.28437910078
2636,104.00410241028374,1857,193135.6181758969
2637,153.48700854269396,1083,166226.43025173756
2638,114.60227402194971,2318,265648.07118287944
2639,106.35993583056108,1875,199424.87968230204
2640,136.47393527547297,1103,150530.7506088467
2641,114.32990861344263,874,99924.34012814886
2642,143.3309313024214,1419,203386.59151813595
2643,113.57336068852669,1092,124022.10987187114
2644,103.10796020860698,1365,140742.36568474854
2645,115.35823506397708,1030,118818.98211589639
2646,118.34295083843517,948,112189.11739483655
2647,114.88045024934013,1092,125449.45167227942
2648,135.3765821589061,1069,144717.56632787062
2649,106.0725236807989,1387,147122.59034526808
2650,133.06866134055588,1055,140387.43771428644
2651,107.87272714266214,1456,157062.69071971608
2652,152.2456585517166,2589,394164.00999039423
2653,159.13086163069602,1618,257473.73411846615
2654,147.14437501461248,1740,256031.2125254257
2655,190.1744198541653,1868,355245.8162875808
2656,133.59317911838514,2206,294706.5531351576
2657,161.48008645268294,2091,337654.86077256
2658,121.74625649248162,2253,274294.3158775611
2659,116.64277152293164,2389,278659.5811682837
2660,140.56691784558677,2358,331456.7922798936
2661,184.4430355592806,1792,330521.9197222308
2662,184.17798015564733,1780,327836.80467705225
2663,156.80132975711183,1914,300117.74515511206
2664,169.5283851126951,1565,265311.9227013678
2665,183.3896173974141,1686,309194.8949320402
2666,166.91156334336142,1666,278074.6645300401
2667,115.8575858785374,1456,168688.64503915046
2668,125.03765017809542,1492,186556.17406571837
2669,130.2822664598583,1326,172754.2853257721
2670,108.14522569697283,2373,256628.6205789165
2671,125.03765017809542,1492,186556.17406571837
2672,141.65562115515309,1364,193218.2672556288
2673,144.66068066248113,1511,218582.288481009
2674,144.08580217214705,1548,223044.82176248365
2675,141.97535373507878,1142,162135.85396545997
2676,121.84656300826293,1598,194710.80768720416
2677,112.73207997920247,1889,212950.89908071345
2678,100.94498482729352,2322,234394.25476897557
2679,143.66753986420372,1976,283887.05877166655
2680,128.71055670328747,2234,287539.38367514417
2681,129.090018710016,2855,368552.0034170957
2682,109.4325619253475,2726,298313.1638084973
2683,95.9634723386464,3500,335872.1531852624
2684,117.35379236162771,2494,292680.3581498995
2685,101.52875688794268,2799,284178.9905293516
2686,132.87286852991656,1964,260962.31379275612
2687,180.3633190686719,1670,301206.74284468207
2688,150.787565635585,1504,226784.49871591985
2689,158.6275129181862,1278,202725.96150944196
2690,157.50576783010558,2640,415815.22707147873
2691,117.07254401016019,1716,200896.4855214349
2692,124.81290070269677,1142,142536.3326024797
2693,141.8973636693304,1400,198656.30913706255
2694,124.99007451633167,1131,141363.77427797113
2695,119.7239594415787,1686,201854.59561850168
2696,122.1131794696995,1585,193549.38945947372
2697,108.18365813804951,1837,198733.37999959695
2698,115.59446321612029,1731,200094.01582710422
2699,139.99913037681313,1398,195718.78426678476
2700,133.71745968436676,1217,162734.14843587435
2701,122.16660444815727,1320,161259.9178715676
2702,119.31835164869085,988,117886.53142890656
2703,96.41656639448911,1654,159473.000816485
2704,128.66933262413636,1211,155818.56180782913
2705,120.88953462708332,984,118955.30207304998
2706,117.1476389175798,909,106487.20377608003
2707,120.18697654564778,925,111172.9533047242
2708,122.24552335097053,1024,125179.41591139382
2709,116.4165781144876,912,106171.9192404127
2710,123.45527261874281,941,116171.41153423699
2711,110.29745076370432,2646,291847.0547207616
2712,118.2958660511755,2826,334304.1174606219
2713,151.90147899265287,1143,173623.39048860222
2714,138.58281536923573,1223,169486.7831965753
2715,122.92651451636766,1524,187340.0081229443
2716,143.31701567005416,1080,154782.3769236585
2717,117.71727045892203,1694,199413.05615741393
2718,149.05112633661088,1568,233712.16609580585
2719,128.0109233768129,1193,152717.0315885378
2720,134.79337079703703,1334,179814.3566432474
2721,127.77998407330608,1051,134296.7632610447
2722,91.79822051779365,1770,162482.85031649476
2723,148.48720125406498,976,144923.50842396743
2724,126.57618772397939,898,113665.41657613349
2725,122.03982884318145,1051,128263.86011418371
2726,124.18727800906652,1141,141697.6842083449
2727,125.9651644266279,1565,197135.48232767265
2728,110.68936973667189,1488,164705.7821681678
2729,99.85203235640608,1440,143786.92659322475
2730,113.02645911636512,1248,141057.02097722367
2731,126.9653980306939,816,103603.76479304623
2732,103.78720087756165,1043,108250.0505152968
2733,122.67604997553065,1433,175794.77961493543
2734,89.0069665602656,1624,144547.3136938713
2735,114.80062103029582,1216,139597.55517283973
2736,79.80948683000554,1728,137910.79324224958
2737,121.23747584840964,936,113478.27739411143
2738,102.35964696826716,1584,162137.68079773517
2739,132.0343040145841,1246,164514.7428021718
2740,123.11840041306607,1008,124103.3476163706
2741,108.25941892476965,1364,147665.8474133858
2742,115.57664778962067,1336,154410.40144693322
2743,106.69141780145776,1370,146167.24238799713
2744,140.05102455676183,1124,157417.3516018003
2745,140.44850873772862,1050,147470.93417461505
2746,130.27886802715,1008,131321.0989713672
2747,91.2023481455767,1575,143643.6983292833
2748,110.21886238313891,1145,126200.59742869405
2749,116.4531442865474,1005,117035.41000798014
2750,109.11883390058858,1056,115229.48859902154
2751,131.21858360636577,884,115997.22790802734
2752,102.80278406940317,2039,209614.87671751308
2753,128.96360269219372,1384,178485.62612599612
2754,88.16944454319048,2640,232767.33359402287
2755,109.20371587760064,1312,143275.27523141203
2756,105.27924145334532,713,75064.09915623521
2757,102.68322903922058,715,73418.50876304272
2758,105.69937125326055,720,76103.5473023476
2759,92.47583844969574,1595,147498.96232726471
2760,69.70803771839803,1760,122686.14638438054
2761,124.62016934594715,1146,142814.71407045543
2762,129.9070961526137,1207,156797.86505620473
2763,120.59316916532225,1773,213811.68893011636
2764,106.56503130231408,1472,156863.72607700631
2765,102.93622071415257,2448,251987.8683082455
2766,89.60651889297674,1521,136291.51523621762
2767,79.81017410622019,1040,83002.581070469
2768,88.74146715705388,1556,138081.72289637584
2769,118.17113036757496,1150,135896.79992271122
2770,145.7541927900428,1045,152313.13146559472
2771,122.09529559814871,864,105490.33539680048
2772,117.47112329269169,1025,120407.90137500898
2773,79.01734053763948,2014,159140.92384280593
2774,81.91864943711846,1668,136640.3072611136
2775,76.64169198982063,1657,126995.28362713278
2776,112.42462176827667,1416,159193.26442387977
2777,112.57199415285083,1428,160752.807650271
2778,110.22570871238122,1004,110666.61154723074
2779,59.015981450282425,1951,115140.17980950102
2780,111.00428126732811,1032,114556.4182678826
2781,102.92932198699555,844,86872.34775702424
2782,99.35192711820457,864,85840.06503012875
2783,60.66816859576102,1376,83479.39998776716
2784,120.53947943390517,960,115717.90025654896
2785,79.60007585808648,1566,124653.71879376343
2786,99.16121634340527,492,48787.318440955394
2787,108.12202233713788,1182,127800.23040249698
2788,84.66583294227792,840,71119.29967151345
2789,95.87658890569105,2104,201724.34305757398
2790,78.46799661993316,1248,97928.05978167658
2791,113.83114712698443,960,109277.90124190506
2792,74.71997200306771,1020,76214.37144312906
2793,89.93528427520812,1827,164311.76437080523
2794,79.92806221747333,1162,92876.408296704
2795,94.0546829437684,1324,124528.40021754937
2796,106.48898442026609,816,86895.01128693714
2797,72.08746523469529,2486,179209.43857345247
2798,72.15620438840085,1430,103183.37227541322
2799,96.4779511095137,1330,128315.67497565322
2800,96.35570668706032,819,78915.3237767024
2801,116.61767717752946,984,114751.79434268898
2802,93.83141252693531,1422,133428.268613302
2803,103.83001544955232,1921,199457.45967859
2804,77.34587861718262,1640,126847.2409321795
2805,91.83187297672646,1032,94770.49291198171
2806,99.63278673818343,879,87577.21954286323
2807,141.57866576500908,1073,151913.90836585473
2808,128.1546715052624,1064,136356.5704815992
2809,129.95564341078477,934,121378.57094567298
2810,122.10341416954714,1059,129307.51560555042
2811,106.1474051939665,1458,154762.91677280318
2812,143.13180409098788,1040,148857.0762546274
2813,97.79838543022936,1967,192369.42414126114
2814,105.78971911332951,1949,206184.1625518792
2815,108.97225971768057,872,95023.81047381746
2816,128.98825462469722,1830,236048.5059631959
2817,120.43073298672698,1000,120430.73298672697
2818,133.3070767806788,810,107978.73219234984
2819,112.66995920225793,1700,191538.93064383848
2820,100.97501011455904,1350,136316.2636546547
2821,96.60581197988893,1150,111096.68377687226
2822,82.58225960971185,2009,165907.75955591112
2823,48.777873737699906,3672,179112.35236483405
2824,110.86677629977953,1560,172952.17102765606
2825,98.12143672210516,1488,146004.6978424925
2826,115.8862185368655,1057,122491.73299346684
2827,98.10912298994617,1609,157857.57889082338
2828,81.98155239049947,2559,209790.79256728815
2829,137.93307921380085,1440,198623.63406787324
2830,131.50893017388876,1876,246710.7530062153
2831,157.02777275989854,1208,189689.54949395743
2832,146.73526857500042,1846,270873.30578945077
2833,170.73364451810392,1590,271466.49478378525
2834,124.05709482710574,1809,224419.2845422343
2835,140.24695216256453,1614,226358.58079037914
2836,129.27333238665562,1596,206320.23848910237
2837,131.66699102409655,1388,182753.783541446
2838,128.37011814172092,1100,141207.129955893
2839,117.40083110118007,1499,175983.84582066894
2840,155.19351243988615,1425,221150.75522683776
2841,127.58042829739429,1749,223138.1690921426
2842,135.82085988331505,1779,241625.3097324175
2843,118.41574640145848,1388,164361.05600522435
2844,138.46185637540066,1282,177508.09987326365
2845,129.22061718768703,864,111646.6132501616
2846,129.1075572123059,1762,227487.51580808297
2847,120.50756644238652,1755,211490.77910638833
2848,163.68331549307095,1358,222281.94243959035
2849,115.29221901470794,1909,220092.84609907746
2850,131.4815648971255,2214,291100.1846822359
2851,109.3226332318269,2049,224002.0754920133
2852,128.30216412274956,1939,248777.8962340114
2853,123.15738843659688,1995,245698.98993101076
2854,156.28352560107567,848,132528.42970971216
2855,159.00349540876869,1390,221014.85861818847
2856,124.2351678696466,1737,215796.48658957615
2857,127.79231872007563,1611,205873.42545804183
2858,160.22812313999373,1336,214064.77251503163
2859,92.56475117006642,1436,132922.98268021538
2860,128.91222980813552,1012,130459.17656583314
2861,120.4421677204565,1176,141639.98923925683
2862,116.57075981266757,1724,200967.9899170389
2863,132.9351590004119,914,121502.73532637647
2864,95.89626485798192,2314,221903.95688137016
2865,138.77745147650614,1072,148769.42798281458
2866,114.08816424072131,1709,194976.6726873927
2867,91.39069065896933,936,85541.6864567953
2868,101.14757136953529,1338,135335.45049243822
2869,68.10569297623488,1669,113668.40157733602
2870,100.7682125810228,1482,149338.4910450758
2871,68.43669079382721,1414,96769.48078247167
2872,86.97391426144202,498,43313.00930219812
2873,89.23328057096876,1273,113593.96616684322
2874,91.89604947665794,1551,142530.77273829645
2875,108.53293509160198,1340,145434.13302274665
2876,113.29245917310925,1479,167559.5471170286
2877,87.2289584318911,1510,131715.72723215556
2878,96.49965903539942,1636,157873.44218191344
2879,90.07566970161758,1465,131960.85611286975
2880,90.81201401760188,1288,116965.87405467122
2881,91.97226833545608,1550,142557.01591995693
2882,90.43280086025857,1717,155273.11907706395
2883,111.01992112945686,1671,185514.28820732242
2884,114.9106550484048,1609,184891.24397288333
2885,85.89711981847825,1801,154700.71279307932
2886,74.99947810276728,2315,173623.79180790627
2887,105.59288784445482,976,103058.65853618791
2888,107.98680059225671,1285,138763.0387610499
2889,90.94900224565174,672,61117.729509077966
2890,100.47089603704296,641,64401.84435974454
2891,90.70129530678605,1638,148568.72171251554
2892,76.90476281830365,729,56063.572094543364
2893,77.47022350157397,1396,108148.43200819725
2894,68.27556775932464,936,63905.93142272787
2895,160.91879700231095,1778,286113.6210701089
2896,165.95718200341128,1646,273165.52157761494
2897,129.4945015228427,1625,210428.5649746194
2898,117.23386930584536,1664,195077.1585249267
2899,144.67383216504732,1491,215708.68375808554
2900,133.75780369557413,1210,161846.9424716447
2901,126.65836747228866,1650,208986.3063292763
2902,149.02956542621268,1403,209088.4802929764
2903,162.3305648491413,1960,318167.9071043169
2904,177.70880998426674,1838,326628.7927510823
2905,40.52286977863628,1600,64836.59164581804
2906,162.59602707259762,1368,222431.36503531356
2907,93.02217322669026,1304,121300.9138876041
2908,132.9555382395847,874,116203.14042139704
2909,115.36710819832047,1652,190586.46274362542
2910,111.61597809705165,630,70318.06620114254
2911,94.77733229091336,1092,103496.84686167739
2912,108.17583755421788,1360,147119.13907373633
2913,97.28182443295157,1092,106231.75228078311
2914,84.24748828152383,1092,91998.25720342401
2915,84.24748828152383,1092,91998.25720342401
2916,94.89380137708122,1092,103624.0311037727
2917,140.62293757312693,1224,172122.47558950738
2918,120.23035378379143,970,116623.4431702777
2919,121.54539481914162,2000,243090.78963828326
