Id,Price_Per_Square_Foot,SqFeet,Neighborhood,NeighborhoodScore,SalePrice
1461,133.1743764518269,896,NAmes,0.4,119324.2413008369
1462,128.37203755122397,1329,NAmes,0.4,170606.43790557666
1463,111.13050386007535,1629,Gilbert,0.48,181031.59078806275
1464,119.38128945744586,1604,Gilbert,0.48,191487.58828974317
1465,165.58640943271647,1280,StoneBr,1.0,211950.60407387707
1466,105.75866568956113,1655,Gilbert,0.48,175030.59171622366
1467,140.8441401417137,1187,Gilbert,0.48,167181.99434821415
1468,111.27321234827848,1465,Gilbert,0.48,163015.25609022798
1469,141.00533333058027,1341,Gilbert,0.48,189088.15199630815
1470,129.92157916985826,882,NAmes,0.4,114590.83282781499
1471,150.99764573736903,1337,NAmes,0.4,201883.85235086238
1472,108.01093791055692,987,BrDale,0.2,106606.79571771968
1473,100.55472145531385,1092,BrDale,0.2,109805.75582920272
1474,114.10727318635236,1456,NPkVill,0.5,166140.18975932902
1475,144.8988842614085,836,NPkVill,0.5,121135.46724253752
1476,153.17076250836607,2334,NridgHt,1.0,357500.5596945264
1477,158.59380610790907,1544,NridgHt,1.0,244868.83663061162
1478,179.41289233237458,1698,NridgHt,1.0,304643.09118037205
1479,152.8267848525652,1822,NridgHt,1.0,278450.40200137376
1480,171.59358190343372,2696,NridgHt,1.0,462616.2968116573
1481,135.32112706786856,2250,NridgHt,1.0,304472.5359027043
1482,161.15725589071167,1370,NridgHt,1.0,220785.44057027498
1483,126.88534859365353,1324,Gilbert,0.48,167996.2015379973
1484,145.2254034419245,1145,Blmngtn,0.5,166283.08694100354
1485,127.19699744881045,1374,Gilbert,0.48,174768.67449466555
1486,114.67068652805153,1733,Gilbert,0.48,198724.2997531133
1487,116.9859301772558,2475,NoRidge,0.75,289540.1771887081
1488,150.78582452445937,1595,Somerst,0.79,240503.3901165127
1489,151.370579006083,1218,Somerst,0.79,184369.3652294091
1490,151.53180975114202,1468,Somerst,0.79,222448.69671467648
1491,117.90982436184403,1659,SawyerW,0.48,195612.39861629924
1492,111.72349156067202,1012,SawyerW,0.48,113064.17345940007
1493,118.6012534444304,1494,Sawyer,0.41,177190.272645979
1494,119.00360573126335,2349,NoRidge,0.75,279539.46986273763
1495,133.6287889522096,2225,NoRidge,0.75,297324.05541866634
1496,161.16737480705214,1488,Somerst,0.79,239817.0537128936
1497,122.27458619161041,1680,Somerst,0.79,205421.3048019055
1498,138.38559095407834,1200,Somerst,0.79,166062.709144894
1499,139.70565950036203,1200,Somerst,0.79,167646.79140043445
1500,131.46283096829512,1236,Somerst,0.79,162488.05907681276
1501,122.92895053718351,1512,Somerst,0.79,185868.57321222147
1502,141.72329758689276,1080,Somerst,0.79,153061.16139384417
1503,170.72832438693843,1418,Somerst,0.79,242092.7639806787
1504,136.09526832157476,1848,Somerst,0.79,251504.05585827018
1505,151.448807154667,1492,Somerst,0.79,225961.62027476318
1506,110.27875843118403,1829,NWAmes,0.39,201699.8491706356
1507,99.41538652185821,2495,NWAmes,0.39,248041.38937203624
1508,100.31322817009374,1891,NWAmes,0.39,189692.31446964724
1509,103.59724975686407,1645,NWAmes,0.39,170417.4758500414
1510,122.45252612102495,1232,NAmes,0.4,150861.51218110273
1511,128.01291960003738,1209,NAmes,0.4,154767.6197964452
1512,121.9504846039642,1510,NAmes,0.4,184145.23175198594
1513,93.65019334659513,1775,NAmes,0.4,166229.09319020636
1514,102.29589160929423,1728,NAmes,0.4,176767.30070086042
1515,72.61398355917227,2461,NAmes,0.4,178703.01353912294
1516,97.13291785761504,1556,NAmes,0.4,151138.820186449
1517,143.98565329642383,1128,NAmes,0.4,162415.8169183661
1518,89.51301394111847,1604,NAmes,0.4,143578.87436155404
1519,146.8369270880467,1480,NAmes,0.4,217318.65209030913
1520,122.83318623520887,1143,NAmes,0.4,140398.33186684374
1521,122.08163683528534,1206,NAmes,0.4,147230.4540233541
1522,115.58831811640772,1580,NAmes,0.4,182629.5426239242
1523,85.83772697943861,1337,NAmes,0.4,114765.04097150943
1524,110.32256874200442,1064,NAmes,0.4,117383.2131414927
1525,124.65535025360188,972,NAmes,0.4,121165.00044650103
1526,107.98252111072273,988,NAmes,0.4,106686.73085739405
1527,116.47711384889539,985,NAmes,0.4,114729.95714116195
1528,118.13624219276576,1224,NAmes,0.4,144598.7604439453
1529,121.88292870778108,1175,NAmes,0.4,143212.44123164276
1530,127.81536162432678,1395,NAmes,0.4,178302.42946593586
1531,63.115538858151865,1844,OldTown,0.12,116385.05365443203
1532,104.38756154581235,936,OldTown,0.12,97706.75760688036
1533,108.6778612611628,1347,OldTown,0.12,146389.0791187863
1534,102.86675919063957,1251,OldTown,0.12,128686.31574749011
1535,97.62043060906389,1633,OldTown,0.12,159414.16318460132
1536,93.00703466613177,1245,OldTown,0.12,115793.75815933406
1537,97.57141674081515,832,OldTown,0.12,81179.4187283582
1538,114.22250660023903,1566,OldTown,0.12,178872.4453359743
1539,93.58967444280259,2268,OldTown,0.12,212261.38163627626
1540,40.240726121410425,2256,OldTown,0.12,90783.07812990191
1541,105.39665249178844,1470,OldTown,0.12,154933.079162929
1542,100.63810029142307,1612,BrkSide,0.32,162228.617669774
1543,99.2277466351723,2068,BrkSide,0.32,205202.9800415363
1544,111.29054699367013,765,BrkSide,0.32,85137.26845015766
1545,107.4091564882662,1132,BrkSide,0.32,121587.16514471735
1546,107.65344210579119,1196,BrkSide,0.32,128753.51675852625
1547,91.64601602796176,1453,BrkSide,0.32,133161.66128862844
1548,97.60468411734942,1416,BrkSide,0.32,138208.23271016678
1549,113.84456022262528,1040,BrkSide,0.32,118398.3426315303
1550,93.34037391207103,1536,BrkSide,0.32,143370.8143289411
1551,118.12909793849713,1068,OldTown,0.12,126161.87659831494
1552,65.95980364739827,1962,OldTown,0.12,129413.13475619542
1553,94.71953940409591,1560,OldTown,0.12,147762.4814703896
1554,98.53016520839546,1324,OldTown,0.12,130453.9387359156
1555,107.85653953724191,1675,ClearCr,0.49,180659.7037248802
1556,98.45205323721922,1224,ClearCr,0.49,120505.31316235632
1557,84.91586330154877,1392,SWISU,0.0,118202.88171575588
1558,103.51085436195164,919,SWISU,0.0,95126.47515863356
1559,54.104250015291825,1884,SWISU,0.0,101932.4070288098
1560,79.90099287294868,1680,SWISU,0.0,134233.6680265538
1561,77.09000023395683,1832,Sawyer,0.41,141228.8804286089
1562,136.43611575708883,892,Sawyer,0.41,121701.01525532323
1563,130.840740494059,864,Sawyer,0.41,113046.39978686697
1564,113.48192374749121,1373,Sawyer,0.41,155810.68130530542
1565,104.19425502770643,1440,Sawyer,0.41,150039.72723989727
1566,146.26626665473464,1483,ClearCr,0.49,216912.87344897146
1567,112.34865008579467,756,Sawyer,0.41,84935.57946486077
1568,114.1513871723572,1981,ClearCr,0.49,226133.89798843962
1569,74.92583130246219,1610,Edwards,0.24,120630.58839696411
1570,126.84429124903761,1074,Edwards,0.24,136230.7688014664
1571,79.30981023611075,1531,Edwards,0.24,121423.31947148556
1572,127.61670399241288,1172,Edwards,0.24,149566.7770791079
1573,142.28218033470182,1508,Edwards,0.24,214561.52794473033
1574,106.63411276494972,1298,Edwards,0.24,138411.07836890474
1575,148.84623679411868,1433,SawyerW,0.48,213296.65732597208
1576,126.09145487991992,1802,SawyerW,0.48,227216.8016936157
1577,149.19069045503227,1222,CollgCr,0.75,182311.02373604942
1578,111.46016321853219,1445,SawyerW,0.48,161059.935850779
1579,147.8439915575437,965,CollgCr,0.75,142669.45185302966
1580,126.04133769719954,1692,CollgCr,0.75,213261.94338366162
1581,135.32333754060593,1026,CollgCr,0.75,138841.7443166617
1582,140.81845516156628,876,CollgCr,0.75,123356.96672153205
1583,158.9196406051925,1978,CollgCr,0.75,314343.0491170708
1584,114.06714185047716,2098,CollgCr,0.75,239312.86360230108
1585,161.72767989719168,848,CollgCr,0.75,137145.07255281854
1586,105.6743978933636,640,Edwards,0.24,67631.61465175271
1587,106.81501447679766,992,Edwards,0.24,105960.49436098327
1588,121.01463481856376,1196,Edwards,0.24,144733.50324300225
1589,84.9853578214447,1120,Edwards,0.24,95183.60076001806
1590,119.62406011914302,1096,Edwards,0.24,131107.96989058075
1591,101.43205945244775,960,Edwards,0.24,97374.77707434984
1592,91.22592081259887,1296,SWISU,0.0,118228.79337312814
1593,112.16018810274582,856,SWISU,0.0,96009.12101595043
1594,20.258776861321053,2650,SWISU,0.0,53685.75868250079
1595,65.18020593728482,1666,SWISU,0.0,108590.22309151651
1596,98.90427673293092,2133,Crawfor,0.48,210962.82227134166
1597,80.20613627384945,2177,Crawfor,0.48,174608.75866817025
1598,120.8586741727618,1652,Crawfor,0.48,199658.52973340248
1599,159.24088198003352,1034,Blueste,0.28,164655.07196735466
1600,145.162470829921,1191,Blueste,0.28,172888.5027584359
1601,97.50777133553382,540,IDOTRR,0.14,52654.19652118826
1602,114.02652609880766,1107,IDOTRR,0.14,126227.36439138009
1603,98.26821949383282,952,IDOTRR,0.14,93551.34495812884
1604,155.67297669685374,1646,Crawfor,0.48,256237.71964302126
1605,130.2454715218328,1916,Mitchel,0.5,249550.32343583164
1606,129.39015238540466,1285,Mitchel,0.5,166266.345815245
1607,91.7581086126755,2048,Mitchel,0.5,187920.60643875942
1608,147.6331918906875,1346,Timber,0.78,198714.27628486537
1609,148.27425358602352,1214,Timber,0.78,180004.94385343255
1610,111.98982597297797,1444,Timber,0.78,161713.30870498018
1611,117.46839557744305,1264,Mitchel,0.5,148480.05200988802
1612,120.91133679992994,1430,Mitchel,0.5,172903.2116238998
1613,120.76100065548198,1344,Mitchel,0.5,162302.78488096778
1614,129.77459602711758,945,MeadowV,0.22,122636.99324562612
1615,88.15176790962573,1092,MeadowV,0.22,96261.7305573113
1616,85.8983210028207,1092,MeadowV,0.22,93800.9665350802
1617,95.26733090100213,1092,MeadowV,0.22,104031.92534389433
1618,137.24185079367132,874,Mitchel,0.5,119949.37759366873
1619,136.07732922049547,833,Mitchel,0.5,113352.41524067272
1620,67.7001882143857,2432,Mitchel,0.5,164646.85773738605
1621,118.81457789745133,1274,Mitchel,0.5,151369.772241353
1622,97.53793848460494,1479,Mitchel,0.5,144258.6110187307
1623,143.78591948064064,1803,Mitchel,0.5,259246.01282359508
1624,121.05702448428268,1797,Mitchel,0.5,217539.47299825598
1625,137.18638542075786,882,NAmes,0.4,120998.39194110844
1626,127.21173303281238,1434,NAmes,0.4,182421.62516905295
1627,119.26463817727628,1608,Gilbert,0.48,191777.53818906026
1628,119.42563446517345,2283,Gilbert,0.48,272648.723483991
1629,113.5485916836187,1628,Gilbert,0.48,184857.10726093123
1630,151.31180257225344,2522,StoneBr,1.0,381608.36608722317
1631,157.80090012239097,1478,StoneBr,1.0,233229.73038089386
1632,158.25677722037284,1734,StoneBr,1.0,274417.2517001265
1633,121.31272242022041,1382,Gilbert,0.48,167654.1823847446
1634,113.40379627662739,1636,Gilbert,0.48,185528.6107085624
1635,120.26277161442029,1516,Gilbert,0.48,182318.36176746115
1636,129.30949844449393,1190,Gilbert,0.48,153878.30314894777
1637,96.90833120600746,1934,Gilbert,0.48,187420.71255241844
1638,99.0468001475266,2050,NWAmes,0.39,203045.94030242952
1639,113.21427216073414,1671,NWAmes,0.39,189181.04878058675
1640,87.44565450501369,2673,NWAmes,0.39,233742.2344919016
1641,118.01616649256852,1707,NWAmes,0.39,201453.59620281446
1642,135.2481917362001,1884,Somerst,0.79,254807.59323100102
1643,129.35955672129643,1874,Somerst,0.79,242419.8092957095
1644,133.66455279720782,1811,Somerst,0.79,242066.50511574335
1645,119.72615746926442,1621,NWAmes,0.39,194076.10125767763
1646,136.8293117766695,1116,NWAmes,0.39,152701.51194276317
1647,138.07112725162153,1193,NWAmes,0.39,164718.8548111845
1648,115.28162287686531,1180,NAmes,0.4,136032.31499470107
1649,122.9275227127915,1050,NAmes,0.4,129073.89884843107
1650,130.4081634329844,864,NAmes,0.4,112672.65320609852
1651,131.0731980418433,864,NAmes,0.4,113247.24310815262
1652,109.50678352591771,987,BrDale,0.2,108083.19534008078
1653,107.9926075241641,987,BrDale,0.2,106588.70362634996
1654,105.55031410420682,1548,NPkVill,0.5,163391.88623331217
1655,146.52475696840293,1055,NPkVill,0.5,154583.61860166508
1656,109.70430359588133,1456,NPkVill,0.5,159729.46603560323
1657,105.97065096859245,1548,NPkVill,0.5,164042.56769938112
1658,108.41644198207308,1456,NPkVill,0.5,157854.3395258984
1659,152.57609507201317,836,NPkVill,0.5,127553.615480203
1660,133.6320315765393,1120,NAmes,0.4,149667.87536572403
1661,156.9695311946175,2772,NridgHt,1.0,435119.5404714797
1662,156.37613234347046,2690,NridgHt,1.0,420651.7960039355
1663,187.79346011062788,2020,NridgHt,1.0,379342.7894234683
1664,186.29116856005822,2674,NridgHt,1.0,498142.5847295957
1665,179.20014066274214,1736,NridgHt,1.0,311091.4441905204
1666,171.80164022977365,1782,NridgHt,1.0,306150.52288945665
1667,139.52762986663612,2520,NridgHt,1.0,351609.627263923
1668,193.70497058627714,1743,NridgHt,1.0,337627.76373188104
1669,195.5478096727719,1531,NridgHt,1.0,299383.6966090138
1670,191.757074609184,1808,NridgHt,1.0,346696.7908934047
1671,155.1907164396427,1760,NridgHt,1.0,273135.66093377117
1672,183.78631891612395,2452,NridgHt,1.0,450644.0539823359
1673,121.91733274417751,2400,NridgHt,1.0,292601.59858602606
1674,156.21487073250663,1606,NridgHt,1.0,250881.08239640563
1675,157.49108566645486,1358,NridgHt,1.0,213872.8943350457
1676,162.22050451358268,1306,NridgHt,1.0,211859.97889473898
1677,165.52629812771465,1358,NridgHt,1.0,224784.7128574365
1678,193.48177776787338,2492,NridgHt,1.0,482156.59019754047
1679,161.18864076680765,2200,NridgHt,1.0,354615.00968697685
1680,186.7196586338851,1884,NridgHt,1.0,351779.83686623955
1681,186.7578112015742,1456,NridgHt,1.0,271919.37310949207
1682,164.99566010172043,1712,NridgHt,1.0,282472.57009414537
1683,152.20018193679502,1405,NridgHt,1.0,213841.255621197
1684,122.41871374912884,1456,Gilbert,0.48,178241.64721873158
1685,114.47146375494653,1490,Gilbert,0.48,170562.48099487033
1686,142.34464174784222,1220,Blmngtn,0.5,173660.46293236752
1687,123.21634429385958,1374,Gilbert,0.48,169299.25705976307
1688,118.17860624985559,1630,Gilbert,0.48,192631.1281872646
1689,119.03161503548598,1594,Gilbert,0.48,189736.39436656467
1690,129.65174067790025,1489,Gilbert,0.48,193051.4418693935
1691,132.06544777679477,1342,Gilbert,0.48,177231.8309164586
1692,125.3992680060446,2004,Gilbert,0.48,251300.13308411336
1693,126.10868502222847,1374,Gilbert,0.48,173273.3332205419
1694,118.61923655563359,1514,Gilbert,0.48,179589.52414522925
1695,117.6558299380143,1430,Gilbert,0.48,168247.83681136047
1696,112.24901957172558,2312,Gilbert,0.48,259519.73324982956
1697,117.65002484037362,1430,Gilbert,0.48,168239.53552173427
1698,122.47103686084567,2687,NoRidge,0.75,329079.67604509235
1699,136.0740308394864,2063,NoRidge,0.75,280720.7256218604
1700,126.05794660803386,2061,NoRidge,0.75,259805.4279591578
1701,124.80623267113604,2232,NoRidge,0.75,278567.5113219757
1702,149.71222463784278,1696,Somerst,0.79,253911.93298578134
1703,145.89204320828202,1658,Somerst,0.79,241889.0076393316
1704,163.58285390283456,1702,Somerst,0.79,278418.01734262443
1705,153.00436564933057,1432,Somerst,0.79,219102.25160984136
1706,177.4917099447227,2490,Somerst,0.79,441954.3577623595
1707,142.0886371135516,1436,Somerst,0.79,204039.2828950601
1708,144.6945525016983,1402,Somerst,0.79,202861.762607381
1709,175.9983245174578,1530,Somerst,0.79,269277.43651171046
1710,151.44851282631686,1448,Somerst,0.79,219297.4465725068
1711,144.38354358776172,1795,Somerst,0.79,259168.4607400323
1712,137.25947895490845,1836,Somerst,0.79,252008.4033612119
1713,162.94420649046467,1662,Somerst,0.79,270813.27118715225
1714,149.02673306285686,1553,Somerst,0.79,231438.5164466167
1715,134.82599020524688,1653,Somerst,0.79,222867.3618092731
1716,140.12604078098832,1218,SawyerW,0.48,170673.51767124378
1717,141.23369015040512,1141,SawyerW,0.48,161147.64046161226
1718,123.57745384346502,1158,SawyerW,0.48,143102.6915507325
1719,112.8263137959233,1812,SawyerW,0.48,204441.28059821302
1720,149.92596945855507,1512,SawyerW,0.48,226688.06582133527
1721,143.01314478793986,1114,SawyerW,0.48,159316.643293765
1722,117.72273919864459,1114,SawyerW,0.48,131143.13146729008
1723,139.30171812175837,1114,SawyerW,0.48,155182.11398763882
1724,137.59991311712508,1450,SawyerW,0.48,199519.87401983136
1725,112.38519737631032,2122,SawyerW,0.48,238481.3888325305
1726,108.46691549080911,1730,SawyerW,0.48,187647.76379909978
1727,132.03674438616102,1332,SawyerW,0.48,175872.94352236646
1728,120.94637521680013,1540,SawyerW,0.48,186257.4178338722
1729,117.11436794225177,1400,SawyerW,0.48,163960.1151191525
1730,83.15859307964413,1882,SawyerW,0.48,156504.47217589026
1731,119.907833885841,980,Sawyer,0.41,117509.67720812418
1732,137.00132666352857,864,Sawyer,0.41,118369.14623728869
1733,134.13710862630234,864,Sawyer,0.41,115894.46185312522
1734,123.11778650541022,1020,Sawyer,0.41,125580.14223551843
1735,136.5002118449285,912,Sawyer,0.41,124488.19320257478
1736,120.0518596534123,912,Sawyer,0.41,109487.29600391201
1737,161.76939551335522,2014,Veenker,0.95,325803.5625638974
1738,133.12621408232582,1755,NoRidge,0.75,233636.5057144818
1739,84.23845944540031,3005,Somerst,0.79,253136.57063342794
1740,131.7289854897732,1726,Somerst,0.79,227364.22895534855
1741,158.53937510327307,1256,Somerst,0.79,199125.455129711
1742,123.45390123706423,1512,Somerst,0.79,186662.29867044112
1743,133.88928224060243,1452,Somerst,0.79,194407.23781335473
1744,172.5678913533224,1694,Veenker,0.95,292330.00795252813
1745,136.07650856349,1740,Veenker,0.95,236773.12490047258
1746,100.51575119712837,2499,Veenker,0.95,251188.86224162378
1747,108.68173098325977,2067,NWAmes,0.39,224645.13794239794
1748,77.76684477809926,2640,NWAmes,0.39,205304.47021418205
1749,117.48660517605445,1336,NWAmes,0.39,156962.10451520875
1750,130.5458044815772,1216,NWAmes,0.39,158743.69824959786
1751,99.42282788875318,2288,NWAmes,0.39,227479.43020946727
1752,129.4060425940104,864,NAmes,0.4,111806.82080122497
1753,102.82715289249495,1568,NAmes,0.4,161232.9757354321
1754,105.91788318784103,2061,NWAmes,0.39,218296.75725014036
1755,130.80781532093064,1320,NWAmes,0.39,172666.31622362844
1756,125.04808425283838,894,NAmes,0.4,111792.98732203752
1757,125.22978444867755,864,NAmes,0.4,108198.5337636574
1758,116.07422931937829,1362,NAmes,0.4,158093.10033299323
1759,102.36023592924238,1728,NAmes,0.4,176878.48768573083
1760,126.37011868589435,1313,NAmes,0.4,165923.96583457929
1761,124.85244010046551,1292,NAmes,0.4,161309.35260980146
1762,84.11311279732489,2140,NAmes,0.4,180002.06138627525
1763,110.24592401009022,1576,NAmes,0.4,173747.57623990218
1764,118.46033066564016,960,NAmes,0.4,113721.91743901455
1765,123.3618277435246,1691,NAmes,0.4,208604.8507143001
1766,131.1161103714735,1453,NAmes,0.4,190511.708369751
1767,140.68234810645316,1567,NAmes,0.4,220449.23948281212
1768,122.2131646875502,1144,NAmes,0.4,139811.86040255745
1769,130.28357868049673,1329,NAmes,0.4,173146.87606638015
1770,143.017082616766,988,NAmes,0.4,141300.8776253648
1771,115.27285013672434,1202,NAmes,0.4,138557.96586434267
1772,110.4030504254544,1382,NAmes,0.4,152577.01568797798
1773,106.24978857277063,1200,NAmes,0.4,127499.74628732476
1774,80.29671497965951,1866,NAmes,0.4,149833.67015204465
1775,126.86508827019522,1062,NAmes,0.4,134730.72374294733
1776,115.45690890502681,1112,NAmes,0.4,128388.08270238982
1777,114.80173113159745,793,NAmes,0.4,91037.77278735678
1778,138.06815328433777,1031,NAmes,0.4,142348.26603615223
1779,106.0728948507879,1210,NAmes,0.4,128348.20276945336
1780,126.55278075031153,1527,NAmes,0.4,193246.0962057257
1781,112.94445398710006,1200,NAmes,0.4,135533.34478452007
1782,102.62567352617098,792,OldTown,0.12,81279.53343272742
1783,112.08809494449281,1352,OldTown,0.12,151543.10436495428
1784,98.07609429935152,1039,OldTown,0.12,101901.06197702623
1785,106.34405515431462,1078,OldTown,0.12,114638.89145635116
1786,56.00478806366497,2377,OldTown,0.12,133123.3812273316
1787,107.0230234141039,1690,OldTown,0.12,180868.9095698356
1788,87.51464725556974,599,OldTown,0.12,52421.27370608628
1789,112.5390082731951,846,OldTown,0.12,95208.00099912305
1790,107.48485292273699,725,OldTown,0.12,77926.51836898433
1791,71.86049776870051,2544,NAmes,0.4,182813.1063235741
1792,118.50686755352527,1380,NAmes,0.4,163539.47722386487
1793,137.40146127342564,1040,NAmes,0.4,142897.51972436268
1794,149.82272144382893,951,NAmes,0.4,142481.40809308132
1795,126.88673118869214,1105,NAmes,0.4,140209.8379635048
1796,113.14400015601323,1142,NAmes,0.4,129210.44817816712
1797,123.93868513898084,1133,NAmes,0.4,140422.5302624653
1798,114.48677079962327,1041,NAmes,0.4,119180.72840240783
1799,129.8951391445615,732,NAmes,0.4,95083.24185381902
1800,106.02346484111342,1183,NAmes,0.4,125425.75890703718
1801,92.47511558744384,1461,NAmes,0.4,135106.14387325544
1802,107.65853985383791,1495,NAmes,0.4,160949.51708148766
1803,94.71804228530166,1806,NAmes,0.4,171060.78436725482
1804,123.9792814479516,941,NAmes,0.4,116664.50384252246
1805,132.13256387966558,1045,NAmes,0.4,138078.52925425052
1806,100.0897908499137,1378,OldTown,0.12,137923.73179118108
1807,79.81758986689829,1944,OldTown,0.12,155165.39470125028
1808,99.21835949224248,1306,OldTown,0.12,129579.17749686868
1809,84.3818235858322,1464,OldTown,0.12,123534.98972965834
1810,82.9678114312828,1558,OldTown,0.12,129263.8502099386
1811,49.933765284497,1701,OldTown,0.12,84937.3347489294
1812,76.83764383735088,1447,OldTown,0.12,111184.07063264672
1813,92.14247552004483,1328,OldTown,0.12,122365.20749061953
1814,99.26953949388708,861,OldTown,0.12,85471.07350423677
1815,86.71524283672987,612,OldTown,0.12,53069.72861607868
1816,105.135147552538,792,OldTown,0.12,83267.0368616101
1817,85.02043645208173,1510,OldTown,0.12,128380.85904264341
1818,82.30890221252677,2007,OldTown,0.12,165193.96674054125
1819,113.29669703785258,1288,OldTown,0.12,145926.14578475413
1820,94.50861126258866,816,OldTown,0.12,77119.02679027234
1821,86.03430601720207,1480,OldTown,0.12,127330.77290545906
1822,106.44674751659664,1521,OldTown,0.12,161905.5029727435
1823,86.58043012444571,797,IDOTRR,0.14,69004.60280918323
1824,99.17954416004946,1432,BrkSide,0.32,142025.10723719082
1825,82.37037782674741,1654,BrkSide,0.32,136240.60492544022
1826,97.37267451613181,1142,BrkSide,0.32,111199.59429742253
1827,114.80916729938878,995,BrkSide,0.32,114235.12146289184
1828,84.5815358306818,1582,BrkSide,0.32,133807.98968413862
1829,122.29947087676149,1072,BrkSide,0.32,131105.0327798883
1830,84.85411120923212,1768,OldTown,0.12,150022.06861792237
1831,84.27074461720265,1944,OldTown,0.12,163822.32753584196
1832,51.73002218578219,2128,OldTown,0.12,110081.4872113445
1833,78.3570536528697,1930,IDOTRR,0.14,151229.1135500385
1834,102.44447784725152,1427,OldTown,0.12,146188.26988802792
1835,87.42916301977547,1864,OldTown,0.12,162967.95986886148
1836,84.43611983884887,1666,IDOTRR,0.14,140670.5756515222
1837,114.58383925808914,892,IDOTRR,0.14,102208.78461821552
1838,93.55891755990022,1403,IDOTRR,0.14,131263.16133654
1839,120.02146501111062,704,Sawyer,0.41,84495.11136782188
1840,105.02174578003418,1200,Edwards,0.24,126026.09493604102
1841,106.97564131719373,1152,Edwards,0.24,123235.93879740719
1842,92.29430590265827,1112,Edwards,0.24,102631.26816375599
1843,129.29823843761966,1052,Sawyer,0.41,136021.74683637588
1844,130.72245132004053,1034,Sawyer,0.41,135167.0146649219
1845,86.04136562311474,1774,Sawyer,0.41,152637.38261540554
1846,125.29660212713125,1138,Sawyer,0.41,142587.53322067537
1847,73.1840078577607,2071,ClearCr,0.49,151564.0802734224
1848,89.17113762312648,660,Sawyer,0.41,58852.95083126348
1849,87.70690785098394,1383,Edwards,0.24,121298.65355791079
1850,112.84733284196747,1073,Edwards,0.24,121085.18813943109
1851,97.10463426762354,1639,Edwards,0.24,159154.49556463497
1852,109.41032718500064,1089,Edwards,0.24,119147.8463044657
1853,127.26127479024629,1049,Edwards,0.24,133497.07725496835
1854,141.54903545828452,1061,SawyerW,0.48,150183.52662123987
1855,116.41601275170808,1338,SawyerW,0.48,155764.62506178542
1856,116.22898507909815,1879,SawyerW,0.48,218394.26296362543
1857,84.89267118453913,2016,SawyerW,0.48,171143.6251080309
1858,66.1618932958664,2228,SawyerW,0.48,147408.69826319037
1859,81.80517069430617,1535,SawyerW,0.48,125570.93701575998
1860,120.93758208080732,1229,SawyerW,0.48,148632.2883773122
1861,82.6130470439658,1513,SawyerW,0.48,124993.54017752026
1862,86.17370242068662,2787,SawyerW,0.48,240166.10864645362
1863,86.17370242068662,2787,SawyerW,0.48,240166.10864645362
1864,86.17370242068662,2787,SawyerW,0.48,240166.10864645362
1865,191.61638455704633,1680,CollgCr,0.75,321915.52605583786
1866,186.8250965738794,1720,CollgCr,0.75,321339.16610707255
1867,153.98243562428382,1468,CollgCr,0.75,226046.21549644865
1868,153.45878643637323,1838,CollgCr,0.75,282057.249470054
1869,158.89563100613623,1290,CollgCr,0.75,204975.36399791573
1870,169.67141117224804,1254,CollgCr,0.75,212767.94960999905
1871,152.11483921022898,1498,CollgCr,0.75,227868.029136923
1872,125.20183343442069,1422,CollgCr,0.75,178037.00714374622
1873,128.75139030983152,1759,ClearCr,0.49,226473.69555499364
1874,142.81705520253269,990,CollgCr,0.75,141388.88465050736
1875,148.0512102711458,1463,CollgCr,0.75,216598.9206266863
1876,119.33672561465669,1772,CollgCr,0.75,211464.67778917163
1877,156.51535688460524,1444,CollgCr,0.75,226008.17534136996
1878,140.04227336085634,1492,CollgCr,0.75,208943.07185439765
1879,139.84319004674052,907,CollgCr,0.75,126837.77337239365
1880,142.74054807857794,914,CollgCr,0.75,130464.86094382024
1881,163.5345343109604,1611,CollgCr,0.75,263454.1347749572
1882,118.3679719986515,2184,CollgCr,0.75,258515.6508450549
1883,124.64256451417836,1725,CollgCr,0.75,215008.42378695766
1884,121.27302888211477,1870,CollgCr,0.75,226780.56400955463
1885,160.16496244220488,1513,CollgCr,0.75,242329.58817505598
1886,153.0998522261734,1828,CollgCr,0.75,279866.52986944496
1887,154.055309175824,1417,CollgCr,0.75,218296.3731021426
1888,166.909870507674,1602,CollgCr,0.75,267389.6125532937
1889,125.8822809626928,1396,CollgCr,0.75,175731.66422391916
1890,112.56690917931611,1149,Edwards,0.24,129339.37864703422
1891,125.78984303066284,1072,Edwards,0.24,134846.71172887055
1892,114.27251489998552,876,Edwards,0.24,100102.72305238731
1893,109.12039160505715,1368,Edwards,0.24,149276.69571571818
1894,72.04576545966616,1678,Edwards,0.24,120892.79444131981
1895,98.72319813391707,1560,Edwards,0.24,154008.1890889106
1896,94.62739910674466,1298,Edwards,0.24,122826.36404055457
1897,92.33394809474802,1268,SWISU,0.0,117079.4461841405
1898,87.73032065840934,1242,SWISU,0.0,108961.0582577444
1899,124.00046019342997,1232,Crawfor,0.48,152768.56695830572
1900,119.00620010277775,1228,Crawfor,0.48,146139.61372621107
1901,98.925003697141,1567,Crawfor,0.48,155015.48079341993
1902,120.61484063519765,1273,Crawfor,0.48,153542.6921286066
1903,73.02815809410922,2480,Crawfor,0.48,181109.83207339086
1904,117.99659180647745,1112,Crawfor,0.48,131212.21008880294
1905,112.90569534870839,1561,Crawfor,0.48,176245.7904393338
1906,97.0143035449866,1523,Crawfor,0.48,147752.7842990146
1907,108.99543815815082,1906,Crawfor,0.48,207745.30512943547
1908,111.58540826543188,1032,Blueste,0.28,115156.1413299257
1909,117.09484787587648,1229,Blueste,0.28,143909.5680394522
1910,105.70058000497241,1229,Blueste,0.28,129906.0128261111
1911,98.35280223726164,1982,Crawfor,0.48,194935.25403425258
1912,121.20918904724493,2365,Crawfor,0.48,286659.7320967343
1913,76.77335559055507,2168,IDOTRR,0.14,166444.63492032338
1914,106.3220588228079,572,IDOTRR,0.14,60816.217646646124
1915,162.5753950619212,1648,Crawfor,0.48,267924.25106204615
1916,81.67974816081612,810,IDOTRR,0.14,66160.59601026106
1917,122.60700657762023,2052,Mitchel,0.5,251589.5774972767
1918,141.5493228395567,926,Mitchel,0.5,131074.6729494295
1919,133.20739947773794,1287,Mitchel,0.5,171437.9231278487
1920,112.76878803058563,1595,Mitchel,0.5,179866.21690878406
1921,186.67272099337785,2036,Timber,0.78,380065.6599425173
1922,190.88291111495707,1641,Timber,0.78,313238.85713964456
1923,104.72004658822866,2237,Timber,0.78,234258.7442178675
1924,146.87756125909561,1479,Timber,0.78,217231.9131022024
1925,114.65539591420041,2014,Timber,0.78,230915.96737119963
1926,188.2400589858812,1978,Timber,0.78,372338.836674073
1927,131.08687035796743,1008,Mitchel,0.5,132135.56532083117
1928,123.98177649033184,1404,Mitchel,0.5,174070.4141924259
1929,136.91161231299677,796,Mitchel,0.5,108981.64340114543
1930,121.61244557800026,1091,Mitchel,0.5,132679.1781255983
1931,143.3193419831489,883,Mitchel,0.5,126550.97897112046
1932,114.33942832349979,1287,Mitchel,0.5,147154.84425234422
1933,111.79944614323625,1632,Mitchel,0.5,182456.69610576157
1934,117.74207856498924,1604,Gilbert,0.48,188858.29401824274
1935,117.34537319270937,1470,Gilbert,0.48,172497.69859328278
1936,119.56331713709385,1604,Gilbert,0.48,191779.56068789854
1937,107.56156425620543,1636,Gilbert,0.48,175970.71912315208
1938,122.09341221596682,1384,Gilbert,0.48,168977.28250689807
1939,159.6911367021808,1682,StoneBr,1.0,268600.49193306814
1940,162.21904274811575,1280,StoneBr,1.0,207640.37471758816
1941,107.54726957537802,1633,Gilbert,0.48,175624.69121659233
1942,112.73788868434522,1709,Gilbert,0.48,192669.051761546
1943,163.44202406048396,1337,StoneBr,1.0,218521.98616886706
1944,124.53738363893478,2500,StoneBr,1.0,311343.459097337
1945,188.41277745200745,1884,StoneBr,1.0,354969.67271958204
1946,115.42537463456013,1474,Gilbert,0.48,170137.00221134163
1947,192.78836049293957,1710,StoneBr,1.0,329668.0964429267
1948,118.17002593423686,1488,Gilbert,0.48,175836.99859014445
1949,139.11133709488465,1688,NWAmes,0.39,234819.9370161653
1950,140.33850031670346,1260,NWAmes,0.39,176826.51039904635
1951,124.0180985949755,2064,NWAmes,0.39,255973.35550002943
1952,128.1808245615261,1782,NWAmes,0.39,228418.2293686395
1953,136.09210358062825,1211,NWAmes,0.39,164807.53743614082
1954,95.86541853544846,2044,NWAmes,0.39,195948.91548645665
1955,108.105111678281,1308,NWAmes,0.39,141401.48607519155
1956,104.5922820008592,2840,NWAmes,0.39,297042.08088244015
1957,115.03304265915594,1444,NWAmes,0.39,166107.71359982117
1958,119.75556197734468,2340,NWAmes,0.39,280228.01502698654
1959,80.15004237733258,1792,NAmes,0.4,143628.87594017998
1960,116.70225869053307,936,NAmes,0.4,109233.31413433896
1961,128.06612488411756,864,NAmes,0.4,110649.13189987757
1962,112.11873334971446,987,BrDale,0.2,110661.18981616817
1963,113.96863449505724,987,BrDale,0.2,112487.0422466215
1964,93.89898316600181,1302,BrDale,0.2,122256.47608213437
1965,108.51951959296736,1456,NPkVill,0.5,158004.42052736046
1966,146.0213470029361,1055,NPkVill,0.5,154052.5210880976
1967,170.6942018934417,1582,NridgHt,1.0,270038.22739542474
1968,154.91674776775028,2464,NridgHt,1.0,381714.8664997367
1969,187.9970936060784,1950,NridgHt,1.0,366594.3325318529
1970,160.40472881179633,2748,NridgHt,1.0,440792.19477481634
1971,167.11435589908558,2790,NridgHt,1.0,466249.05295844877
1972,173.17945130212917,2331,NridgHt,1.0,403681.3009852631
1973,130.9559384126227,2088,NridgHt,1.0,273435.9994055562
1974,141.6335328635377,2332,NridgHt,1.0,330289.3986377699
1975,192.712080418195,2470,NridgHt,1.0,475998.83863294165
1976,169.32629092936776,1575,NridgHt,1.0,266688.90821375424
1977,128.63112382746834,2649,NridgHt,1.0,340743.84701896366
1978,115.07191112844754,2690,NridgHt,1.0,309543.4409355239
1979,185.66104781375702,1866,NridgHt,1.0,346443.5152204706
1980,153.92625626418135,1367,NridgHt,1.0,210417.1923131359
1981,199.77204333112473,1800,NridgHt,1.0,359589.67799602455
1982,173.93559049948274,1342,NridgHt,1.0,233421.56245030585
1983,163.41096915065467,1342,NridgHt,1.0,219297.52060017857
1984,127.80721228174045,1626,NridgHt,1.0,207814.52717010997
1985,152.87821748971177,1455,Blmngtn,0.5,222437.80644753063
1986,149.02324323717204,1576,Blmngtn,0.5,234860.63134178313
1987,136.5633294171262,1246,Blmngtn,0.5,170157.90845373925
1988,113.34618872938051,1515,Gilbert,0.48,171719.47592501147
1989,114.39722814065203,1720,Gilbert,0.48,196763.2324019215
1990,106.66210554931415,1986,Gilbert,0.48,211830.9416209379
1991,165.52629812771465,1358,NridgHt,1.0,224784.7128574365
1992,113.40757073729573,1892,Gilbert,0.48,214567.1238349635
1993,123.57413579395731,1414,Gilbert,0.48,174733.82801265563
1994,103.68647608439136,2322,Gilbert,0.48,240759.99746795674
1995,113.64617709202696,1651,Gilbert,0.48,187629.83837893652
1996,105.72503155968488,2199,NoRidge,0.75,232489.34439974706
1997,148.54250059371043,2172,NoRidge,0.75,322634.31128953904
1998,158.68676364556345,2006,NoRidge,0.75,318325.6478730003
1999,123.41497449564383,2125,NoRidge,0.75,262256.82080324314
2000,111.16792468652567,2501,NoRidge,0.75,278030.9796410007
2001,116.5854085653741,2197,NoRidge,0.75,256138.14261812688
2002,153.63445859098215,1578,Somerst,0.79,242435.17565656983
2003,135.87876871567494,1861,Somerst,0.79,252870.38857987107
2004,144.82044055364412,1874,Somerst,0.79,271393.50559752906
2005,155.89814275744544,1460,Somerst,0.79,227611.28842587036
2006,152.34339877236337,1372,Somerst,0.79,209015.14311568256
2007,144.79806805286103,1660,Somerst,0.79,240364.7929677493
2008,158.66505309942207,1218,Somerst,0.79,193254.03467509607
2009,111.60509367750223,1696,SawyerW,0.48,189282.23887704377
2010,117.75258786913966,1663,SawyerW,0.48,195822.55362637926
2011,124.41619742447936,1175,SawyerW,0.48,146189.03197376325
2012,140.02712722220042,1162,SawyerW,0.48,162711.5218321969
2013,116.49975987475023,1609,SawyerW,0.48,187448.11363847312
2014,116.5968372565013,1680,SawyerW,0.48,195882.68659092218
2015,123.81893993539695,1657,SawyerW,0.48,205167.98347295276
2016,118.5559424172211,1677,SawyerW,0.48,198818.3154336798
2017,119.48690298727875,1737,SawyerW,0.48,207548.7504889032
2018,119.41874257680203,984,Sawyer,0.41,117508.0426955732
2019,144.4191308931762,864,Sawyer,0.41,124778.12909170424
2020,117.76417106094544,890,Sawyer,0.41,104810.11224424145
2021,126.50115975768014,864,Sawyer,0.41,109297.00203063565
2022,141.7926111017596,1430,Veenker,0.95,202763.43387551623
2023,90.86968943655067,1641,Sawyer,0.41,149117.16036537965
2024,91.66703621976886,2683,NoRidge,0.75,245942.65817763985
2025,129.12528562990718,2786,NoRidge,0.75,359743.0457649214
2026,151.7147980742362,1245,Somerst,0.79,188884.92360242407
2027,132.7671595884961,1200,Somerst,0.79,159320.5915061953
2028,130.37717976966155,1392,Somerst,0.79,181485.0342393689
2029,119.59040705514838,1549,Somerst,0.79,185245.54052842484
2030,186.57868149444408,1638,Somerst,0.79,305615.8802878994
2031,191.06769949552074,1310,Somerst,0.79,250298.68633913217
2032,194.2468849120155,1419,Somerst,0.79,275636.32969015
2033,190.46071568129344,1557,Somerst,0.79,296547.33431577386
2034,135.42964176328803,1404,Somerst,0.79,190143.2170356564
2035,129.2325901705928,1789,Somerst,0.79,231197.10381519052
2036,137.78124168578466,1586,Somerst,0.79,218521.04931365448
2037,139.89183056464742,1607,Somerst,0.79,224806.1717173884
2038,144.9468887315852,2393,Somerst,0.79,346857.9047346834
2039,168.9042225099571,1239,Veenker,0.95,209272.33168983684
2040,125.67343885619331,2944,Veenker,0.95,369982.6039926331
2041,166.93550869316823,1671,Veenker,0.95,278949.2350262841
2042,118.72364731706023,1812,Somerst,0.79,215127.24893851313
2043,121.06262934542559,1427,NWAmes,0.39,172756.37207592232
2044,109.9579118479659,1740,NWAmes,0.39,191326.76661546068
2045,128.6582636425518,1620,NWAmes,0.39,208426.3871009339
2046,87.72627537686036,1625,NWAmes,0.39,142555.19748739808
2047,108.94463743278845,1464,NAmes,0.4,159494.94920160229
2048,134.99443053696058,925,NAmes,0.4,124869.84824668853
2049,86.71385141134594,1728,NAmes,0.4,149841.53523880578
2050,114.91943080247523,1670,NWAmes,0.39,191915.44944013364
2051,107.0868209681509,1014,NAmes,0.4,108586.03646170502
2052,115.64813017342566,1114,NAmes,0.4,128832.01701319618
2053,129.44081465515438,1118,NAmes,0.4,144714.8307844626
2054,96.68012299440491,906,BrkSide,0.32,87592.19143293085
2055,114.2859898242318,1496,NAmes,0.4,170971.8407770508
2056,112.92700390425895,1337,NAmes,0.4,150983.40421999423
2057,121.1672746304378,1036,NAmes,0.4,125529.29651713357
2058,107.7730668027022,1988,NAmes,0.4,214252.85680377198
2059,118.31367526398039,1176,NAmes,0.4,139136.88211044093
2060,129.02992943809346,1440,NAmes,0.4,185803.09839085457
2061,119.83055183485168,1570,NAmes,0.4,188133.96638071712
2062,124.37942100979242,1104,NAmes,0.4,137314.88079481083
2063,121.17100003837986,882,NAmes,0.4,106872.82203385103
2064,123.43872485302408,1152,NAmes,0.4,142201.41103068375
2065,126.78459810819031,950,NAmes,0.4,120445.3682027808
2066,98.3068267962141,1790,NAmes,0.4,175969.21996522322
2067,85.13738778400108,1764,NAmes,0.4,150182.3520509779
2068,81.2037845796617,1824,NAmes,0.4,148115.70307330295
2069,100.76124257306319,869,OldTown,0.12,87561.5197959919
2070,90.04621235651727,1159,OldTown,0.12,104363.56012120353
2071,114.37513013381002,672,OldTown,0.12,76860.08744992033
2072,102.40425921637888,1436,OldTown,0.12,147052.51623472007
2073,125.62354140274167,1044,NAmes,0.4,131150.9772244623
2074,141.059228337593,1312,NAmes,0.4,185069.707578922
2075,138.01131364795475,1081,NAmes,0.4,149190.2300534391
2076,129.31027663367365,876,NAmes,0.4,113275.80233109812
2077,117.74785153341237,1256,NAmes,0.4,147891.30152596594
2078,122.13192502382067,1027,NAmes,0.4,125429.48699946383
2079,107.75230591199546,1320,NAmes,0.4,142233.043803834
2080,116.00144524089546,984,NAmes,0.4,114145.42211704113
2081,108.12389323833469,1278,NAmes,0.4,138182.33555859173
2082,73.31410893477853,1800,NAmes,0.4,131965.39608260136
2083,92.7891718344875,1588,NAmes,0.4,147349.20487316616
2084,121.40062777799336,825,NAmes,0.4,100155.51791684453
2085,112.29408150419559,1117,NAmes,0.4,125432.48904018647
2086,111.470394221757,1133,OldTown,0.12,126295.95665325069
2087,95.12377936366352,1323,OldTown,0.12,125848.76009812683
2088,95.76600601431157,1360,OldTown,0.12,130241.76817946373
2089,108.07519189163831,672,OldTown,0.12,72626.52895118094
2090,99.32426299711182,1456,OldTown,0.12,144616.1269237948
2091,72.15419805380216,1594,OldTown,0.12,115013.79169776065
2092,76.22342676286799,1656,OldTown,0.12,126225.99471930938
2093,85.03414543318986,1740,OldTown,0.12,147959.41305375035
2094,121.76152587703388,1027,OldTown,0.12,125049.08707571379
2095,101.65811081047788,1436,OldTown,0.12,145981.04712384625
2096,99.47072475529774,899,OldTown,0.12,89424.18155501266
2097,101.48150770005896,1080,OldTown,0.12,109600.02831606368
2098,94.77947004197642,1499,OldTown,0.12,142074.42559292266
2099,104.8219448389407,407,OldTown,0.12,42662.53154944886
2100,71.23426094716906,1588,OldTown,0.12,113120.00638410448
2101,86.7317119169284,1627,OldTown,0.12,141112.4952888425
2102,95.85328558255283,1450,OldTown,0.12,138987.2640947016
2103,104.18977243132602,1017,OldTown,0.12,105960.99856265857
2104,54.57672676623652,2350,OldTown,0.12,128255.30790065583
2105,85.83728169759765,1540,OldTown,0.12,132189.41381430038
2106,75.14310997941998,1086,OldTown,0.12,81605.41743765009
2107,76.68317159945441,2495,OldTown,0.12,191324.51314063877
2108,104.94794201008015,984,OldTown,0.12,103268.77493791888
2109,107.47807274592319,1093,OldTown,0.12,117473.53351129404
2110,112.06328307675614,1143,BrkSide,0.32,128088.33255673226
2111,92.10929971335656,1668,BrkSide,0.32,153638.31192187875
2112,78.19057312049473,1738,BrkSide,0.32,135895.21608341986
2113,112.68914846425747,1210,BrkSide,0.32,136353.86964175155
2114,107.3438289265433,1290,BrkSide,0.32,138473.53931524087
2115,102.4459970730362,1672,BrkSide,0.32,171289.70710611652
2116,119.25169777451819,949,BrkSide,0.32,113169.86118801776
2117,111.10952137074962,1497,BrkSide,0.32,166330.95349201217
2118,97.9461499487631,1342,BrkSide,0.32,131443.73323124007
2119,112.05659702026718,1013,BrkSide,0.32,113513.33278153065
2120,105.26660419916514,1216,BrkSide,0.32,128004.19070618482
2121,103.61675039042072,896,BrkSide,0.32,92840.60834981696
2122,93.21036943860301,1136,BrkSide,0.32,105886.97968225302
2123,110.52207450099755,808,BrkSide,0.32,89301.83619680602
2124,87.51646587240174,2009,BrkSide,0.32,175820.5799376551
2125,74.94393246553531,1902,OldTown,0.12,142543.35954944816
2126,105.11326714336855,1716,BrkSide,0.32,180374.36641802042
2127,90.92329278557744,1984,OldTown,0.12,180391.81288658566
2128,83.03010401898855,1609,OldTown,0.12,133595.4373665526
2129,117.15740559640224,768,IDOTRR,0.14,89976.88749803693
2130,89.58638028273147,1536,IDOTRR,0.14,137604.68011427554
2131,76.14011153708208,1969,IDOTRR,0.14,149919.8796165146
2132,94.45737532601011,1308,IDOTRR,0.14,123550.24692642123
2133,115.40041929045574,1040,IDOTRR,0.14,120016.43606207398
2134,98.64318884843651,1236,IDOTRR,0.14,121922.98141666752
2135,119.80094875372558,759,IDOTRR,0.14,90928.92010407771
2136,62.10365641073369,1344,IDOTRR,0.14,83467.31421602608
2137,120.88950892034062,1054,Sawyer,0.41,127417.542402039
2138,130.1593285367146,1075,Sawyer,0.41,139921.27817696822
2139,127.36089462181752,1096,Sawyer,0.41,139587.540505512
2140,137.39532403824137,992,Sawyer,0.41,136296.16144593543
2141,130.60157168110044,1034,Sawyer,0.41,135042.02511825785
2142,117.29926874249628,1073,Sawyer,0.41,125862.1153606985
2143,120.8856815836343,1126,Sawyer,0.41,136117.2774631722
2144,118.58353765883132,1140,Sawyer,0.41,135185.2329310677
2145,136.76483071809025,960,Sawyer,0.41,131294.23748936664
2146,131.96223205547085,1188,Sawyer,0.41,156771.13168189937
2147,96.52800673470688,1721,ClearCr,0.49,166124.69959043054
2148,107.5250895508812,1350,Sawyer,0.41,145158.87089368963
2149,138.56610404779892,904,Sawyer,0.41,125263.75805921022
2150,130.83708692750366,1524,ClearCr,0.49,199395.72047751557
2151,107.30521359283847,1079,Edwards,0.24,115782.32546667272
2152,100.51891145971014,1518,Edwards,0.24,152587.70759583998
2153,110.59288702393467,1509,Edwards,0.24,166884.6665191174
2154,106.66161850926329,864,Edwards,0.24,92155.63839200349
2155,115.39681470524347,1269,Edwards,0.24,146438.55786095397
2156,87.7201846029837,2814,SawyerW,0.48,246844.5994727961
2157,141.88204069717324,1626,SawyerW,0.48,230700.19817360368
2158,102.21743792510789,2200,SawyerW,0.48,224878.36343523735
2159,101.75155262298141,2037,SawyerW,0.48,207267.91269301312
2160,135.14238950239144,1356,CollgCr,0.75,183253.08016524278
2161,148.7930608983861,1615,CollgCr,0.75,240300.79335089357
2162,192.42872636686164,2276,CollgCr,0.75,437967.7812109771
2163,186.51602351883278,1766,CollgCr,0.75,329387.2975342587
2164,145.6433210381189,1511,SawyerW,0.48,220067.05808859767
2165,110.17649576281299,1643,ClearCr,0.49,181019.98253830173
2166,144.04488586562326,990,CollgCr,0.75,142604.43700696703
2167,157.42969252662914,1418,CollgCr,0.75,223235.30400276012
2168,125.20270886952088,1771,CollgCr,0.75,221733.99740792147
2169,132.98419215207142,1652,CollgCr,0.75,219689.88543522198
2170,131.61111617761046,1823,CollgCr,0.75,239927.06479178387
2171,135.18962617269443,1174,CollgCr,0.75,158712.62112674327
2172,134.6482232889228,1076,CollgCr,0.75,144881.4882588809
2173,115.23055685832287,1558,CollgCr,0.75,179529.20758526702
2174,111.8718904715605,2161,CollgCr,0.75,241755.15530904225
2175,165.5250233949845,1947,CollgCr,0.75,322277.2205500348
2176,160.1988948287553,1786,CollgCr,0.75,286115.226164157
2177,107.35341983996004,2327,CollgCr,0.75,249811.407967587
2178,130.41219818740842,1764,CollgCr,0.75,230047.11760258846
2179,161.7201858440681,848,CollgCr,0.75,137138.71759576976
2180,125.5939553780791,1838,CollgCr,0.75,230841.68998490938
2181,139.19664943995406,1445,CollgCr,0.75,201139.15844073362
2182,142.92330316096513,1564,CollgCr,0.75,223532.04614374947
2183,144.57822076874754,1361,CollgCr,0.75,196770.9584662654
2184,116.57615401509095,1092,Edwards,0.24,127301.16018447932
2185,118.47103072446271,1033,Edwards,0.24,122380.57473836998
2186,133.38032653622525,1127,Edwards,0.24,150319.62800632586
2187,120.76286418865126,1117,Edwards,0.24,134892.11929872347
2188,113.00378793844357,1398,Edwards,0.24,157979.2955379441
2189,22.775763669468603,3820,Edwards,0.24,87003.41721737006
2190,73.2484958717012,1152,Edwards,0.24,84382.26724419977
2191,73.2484958717012,1152,Edwards,0.24,84382.26724419977
2192,101.96891062237216,784,Edwards,0.24,79943.62592793978
2193,110.31791574609022,1053,Edwards,0.24,116164.765280633
2194,89.02277063564338,1137,Edwards,0.24,101218.89021272653
2195,116.75525494649585,930,Edwards,0.24,108582.38710024115
2196,88.81258090247871,1204,Edwards,0.24,106930.34740658438
2197,102.4844834089327,1292,Edwards,0.24,132409.95256434105
2198,97.81280856027475,1424,SWISU,0.0,139285.43938983124
2199,74.0492459997259,1920,SWISU,0.0,142174.55231947373
2200,108.61554981524796,1316,Crawfor,0.48,142938.0635568663
2201,115.75669581293903,1264,Crawfor,0.48,146316.46350755493
2202,126.23135035294965,1512,Crawfor,0.48,190861.80173365987
2203,99.54941118912303,1603,Crawfor,0.48,159577.70613616423
2204,92.40457974656974,1938,Crawfor,0.48,179080.07554885215
2205,91.56898055224882,1374,Crawfor,0.48,125815.77927878988
2206,128.9666830136415,1091,Crawfor,0.48,140702.65116788287
2207,108.53887506490172,1873,Crawfor,0.48,203293.3129965609
2208,101.99888280314528,2161,Crawfor,0.48,220419.58573759694
2209,109.22601410138228,1898,Crawfor,0.48,207310.97476442356
2210,116.45909353277833,1032,Blueste,0.28,120185.78452582723
2211,121.34298853793265,919,IDOTRR,0.14,111514.2064663601
2212,108.49215602058017,1090,IDOTRR,0.14,118256.45006243238
2213,83.63796635112624,1200,IDOTRR,0.14,100365.55962135148
2214,83.66111653644909,1656,IDOTRR,0.14,138542.8089843597
2215,110.10127164478045,912,IDOTRR,0.14,100412.35974003977
2216,71.14756826880702,1955,IDOTRR,0.14,139093.49596551774
2217,80.71711237265714,733,IDOTRR,0.14,59165.64336915768
2218,74.61140803948051,1361,IDOTRR,0.14,101546.12634173298
2219,95.3108962831237,1049,IDOTRR,0.14,99981.13020099676
2220,88.04405147405102,864,IDOTRR,0.14,76070.06047358007
2221,163.3818170414554,1648,Crawfor,0.48,269253.2344843185
2222,155.09953865934074,1646,Crawfor,0.48,255293.84063327484
2223,127.14663979785152,2032,Mitchel,0.5,258361.9720692343
2224,119.05799368698865,1820,Mitchel,0.5,216685.54851031935
2225,74.05008968251909,1872,Mitchel,0.5,138621.76788567574
2226,117.2296314235301,1689,Mitchel,0.5,198000.84747434233
2227,151.41634016203733,1501,Timber,0.78,227275.92658321804
2228,163.72184097299782,1537,Timber,0.78,251640.46957549767
2229,142.70988961594827,1780,Timber,0.78,254023.60351638793
2230,112.58047352369965,1442,Timber,0.78,162341.0428211749
2231,131.85499544977714,1612,Timber,0.78,212550.25266504075
2232,125.68583183636854,1495,Timber,0.78,187900.31859537095
2233,149.79425517311188,1256,Timber,0.78,188141.58449742853
2234,159.98771640781484,1440,Timber,0.78,230382.31162725337
2235,140.37657654752095,1675,Timber,0.78,235130.7657170976
2236,153.97655194254858,1728,Timber,0.78,266071.48175672395
2237,159.99648233026238,1964,Timber,0.78,314233.09129663534
2238,137.59427072473346,1344,Mitchel,0.5,184926.69985404177
2239,116.45688148469306,1092,Mitchel,0.5,127170.91458128481
2240,142.67046838019917,1189,Mitchel,0.5,169635.1869040568
2241,130.26510613111734,1200,Mitchel,0.5,156318.1273573408
2242,129.9688501467861,1040,MeadowV,0.22,135167.60415265756
2243,88.29059668960265,1475,MeadowV,0.22,130228.6301171639
2244,115.6789078948263,988,MeadowV,0.22,114290.76100008839
2245,108.00913701438608,988,MeadowV,0.22,106713.02737021346
2246,127.13375894657499,1160,Mitchel,0.5,147475.16037802698
2247,110.09243353350033,1092,MeadowV,0.22,120220.93741858235
2248,133.26725726878817,816,Mitchel,0.5,108746.08193133115
2249,141.11684659087908,845,Mitchel,0.5,119243.73536929282
2250,136.63227527821044,889,Mitchel,0.5,121466.09272232908
2251,68.63287293467346,1836,IDOTRR,0.14,126009.95470806047
2252,122.22207650152913,1587,NAmes,0.4,193966.43540792674
2253,111.43346983176582,1384,Gilbert,0.48,154223.9222471639
2254,103.04411987203116,1694,Gilbert,0.48,174556.7390632208
2255,116.1648202041178,1714,Gilbert,0.48,199106.5018298579
2256,124.09639658740862,1553,Gilbert,0.48,192721.7039002456
2257,87.9471730112171,2299,Gilbert,0.48,202190.5507527881
2258,136.35684607976054,1187,Gilbert,0.48,161855.57629667578
2259,105.48874409514534,1642,Gilbert,0.48,173212.51780422864
2260,133.91512315036866,1128,Gilbert,0.48,151056.25891361583
2261,164.25277671100548,1179,StoneBr,1.0,193654.02374227546
2262,172.1509590103509,1321,StoneBr,1.0,227411.41685267354
2263,136.42065742579996,2541,StoneBr,1.0,346644.8905189577
2264,177.01659344768018,2338,StoneBr,1.0,413864.7954806763
2265,117.65738537589442,1424,Gilbert,0.48,167544.11677527367
2266,192.49370736630846,1612,StoneBr,1.0,310299.85627448926
2267,154.91226478971274,2234,StoneBr,1.0,346073.99954021827
2268,187.7939050810343,2042,StoneBr,1.0,383475.15417547204
2269,124.10699865459017,1284,NWAmes,0.39,159353.38627249378
2270,126.33376976488582,1479,NWAmes,0.39,186847.64548226612
2271,139.9304443899346,1664,NWAmes,0.39,232844.25946485117
2272,111.71815789554837,1930,NWAmes,0.39,215616.04473840835
2273,137.12112673238173,1177,NWAmes,0.39,161391.5661640133
2274,132.9002898382413,1353,NWAmes,0.39,179814.09215114047
2275,139.11759191430727,1220,NWAmes,0.39,169723.46213545487
2276,133.1005652769346,1324,NWAmes,0.39,176225.14842666138
2277,107.16486842322848,1877,NWAmes,0.39,201148.45803039987
2278,117.49296385938129,1422,NAmes,0.4,167074.9946080402
2279,137.40710414711836,914,NAmes,0.4,125590.09319046618
2280,116.8405048333954,914,NAmes,0.4,106792.2214177234
2281,130.13537039512704,1337,NAmes,0.4,173990.99021828486
2282,142.45957628541626,1337,NAmes,0.4,190468.45349360156
2283,107.04660538041921,1092,BrDale,0.2,116894.89307541777
2284,108.52026819660176,1218,BrDale,0.2,132177.68666346095
2285,147.1688469529089,1055,NPkVill,0.5,155263.1335353189
2286,127.52861343956037,988,NAmes,0.4,125998.27007828566
2287,189.39780110982352,1816,NridgHt,1.0,343946.4068154395
2288,153.60032179867272,1694,NridgHt,1.0,260198.94512695158
2289,161.8244331604285,2122,NridgHt,1.0,343391.44716642925
2290,165.58664411360724,2656,NridgHt,1.0,439798.1267657408
2291,122.50881778674477,2550,NridgHt,1.0,312397.48535619915
2292,195.82443209702632,2046,NridgHt,1.0,400656.78807051585
2293,180.14471347150567,2552,NridgHt,1.0,459729.30877928244
2294,140.9366756505941,2758,NridgHt,1.0,388703.35144433856
2295,198.10920219043584,2290,NridgHt,1.0,453670.07301609806
2296,131.1750368227883,2152,NridgHt,1.0,282288.6792426404
2297,148.28025330378324,2100,NridgHt,1.0,311388.5319379448
2298,177.18884564187908,1802,NridgHt,1.0,319294.2998466661
2299,115.27295356682399,2956,NridgHt,1.0,340746.8507435317
2300,136.96597324271585,2385,NridgHt,1.0,326663.8461838773
2301,155.6484007506154,1818,NridgHt,1.0,282968.7925646188
2302,164.17801627476922,1614,NridgHt,1.0,264983.3182674775
2303,148.35313806669757,1721,NridgHt,1.0,255315.7506127865
2304,143.42372865487164,1828,NridgHt,1.0,262178.5759811053
2305,162.4705873545259,1302,NridgHt,1.0,211536.7047355927
2306,164.57039015404877,1302,NridgHt,1.0,214270.6479805715
2307,156.16934789035582,1362,NridgHt,1.0,212702.65182666463
2308,158.433393089819,1554,NridgHt,1.0,246205.4928615787
2309,194.20443936359823,1577,NridgHt,1.0,306260.4008763944
2310,163.74644104250706,1324,NridgHt,1.0,216800.28794027935
2311,165.00385754364183,1405,NridgHt,1.0,231830.41984881676
2312,117.75049982815223,1496,Gilbert,0.48,176154.74774291573
2313,113.22698586177889,1536,Gilbert,0.48,173916.65028369238
2314,123.64554258693951,1458,Gilbert,0.48,180275.2010917578
2315,115.12947867121494,1495,Gilbert,0.48,172118.57061346635
2316,105.71573893811191,1746,Gilbert,0.48,184579.6801859434
2317,137.79269737798057,1326,Gilbert,0.48,182713.11672320223
2318,114.9949799918261,1504,Gilbert,0.48,172952.44990770644
2319,122.84733915025915,1456,Gilbert,0.48,178865.7258027773
2320,136.72482080968496,1258,Gilbert,0.48,171999.82457858368
2321,154.91709253290978,1589,Blmngtn,0.5,246163.26003479364
2322,135.76654300411815,1266,Blmngtn,0.5,171880.4434432136
2323,143.114198135661,1119,Gilbert,0.48,160144.78771380466
2324,125.48130491749298,1374,Gilbert,0.48,172411.31295663535
2325,130.088418672941,1525,Gilbert,0.48,198384.83847623502
2326,122.22271854165396,1394,Gilbert,0.48,170378.46964706562
2327,107.84968699778068,1948,Gilbert,0.48,210091.19027167675
2328,113.58677621907779,1995,Gilbert,0.48,226605.6185570602
2329,112.15873623666911,1690,Gilbert,0.48,189548.2642399708
2330,107.42485441454477,1644,Gilbert,0.48,176606.4606575116
2331,129.47933802257177,2551,NoRidge,0.75,330301.79129558057
2332,123.16572059206482,3078,NoRidge,0.75,379104.0879823755
2333,122.94529372662535,2582,NoRidge,0.75,317444.7484021467
2334,104.66535304801937,2385,NoRidge,0.75,249626.8670195262
2335,120.03739474604984,2202,NoRidge,0.75,264322.34323080175
2336,129.57323822670276,2538,NoRidge,0.75,328856.8786193716
2337,145.16842761361727,1369,Somerst,0.79,198735.57740304203
2338,167.48600932397423,1542,Somerst,0.79,258263.42637756825
2339,145.36361393497805,1534,Somerst,0.79,222987.7837762563
2340,198.38323638432558,1966,Somerst,0.79,390021.4427315841
2341,138.15296097463101,1528,Somerst,0.79,211097.72436923618
2342,154.686509280042,1538,Somerst,0.79,237907.8512727046
2343,152.22546489199894,1506,Somerst,0.79,229251.5501273504
2344,119.11818262675335,1977,Somerst,0.79,235496.64705309138
2345,136.80401099546629,1830,Somerst,0.79,250351.3401217033
2346,153.40255657939016,1338,Somerst,0.79,205252.62070322403
2347,145.67748654455096,1335,Somerst,0.79,194479.44453697553
2348,136.78798640262028,1792,Somerst,0.79,245124.07163349554
2349,116.37578088471753,1588,Somerst,0.79,184804.74004493144
2350,150.73163250119822,1880,Somerst,0.79,283375.4691022527
2351,151.80684869088248,1584,Somerst,0.79,240462.04832635785
2352,143.90554931651582,1685,Somerst,0.79,242480.85059832915
2353,100.68412221243034,2443,Somerst,0.79,245971.3105649673
2354,122.67225463642808,1100,SawyerW,0.48,134939.48010007088
2355,131.40659845524638,1143,SawyerW,0.48,150197.74203434662
2356,138.5192992593075,1094,SawyerW,0.48,151540.1133896824
2357,131.76088748246835,1486,SawyerW,0.48,195796.67879894798
2358,111.22958824801208,1820,SawyerW,0.48,202437.850611382
2359,107.08087849961407,1266,SawyerW,0.48,135564.3921805114
2360,123.41343380445248,894,Sawyer,0.41,110331.60982118052
2361,133.75794533643784,1040,Sawyer,0.41,139108.26314989536
2362,114.67202448670469,2503,Veenker,0.95,287024.0772902218
2363,129.46697594942523,1037,Sawyer,0.41,134257.25405955396
2364,149.7073652499053,1055,Sawyer,0.41,157941.2703386501
2365,166.26746043815803,1378,Somerst,0.79,229116.56048378177
2366,162.11950000165234,1151,Somerst,0.79,186599.54450190184
2367,149.48358839772845,1565,Somerst,0.79,233941.81584244504
2368,160.031679444784,1352,Somerst,0.79,216362.83060934796
2369,150.52777492487076,1550,Somerst,0.79,233318.05113354966
2370,121.28256507152457,1501,Somerst,0.79,182045.1301723584
2371,120.32408607083019,1573,Somerst,0.79,189269.7873894159
2372,144.95616132175505,1358,Somerst,0.79,196850.46707494336
2373,135.8449663362197,2048,Somerst,0.79,278210.49105657794
2374,135.2095040935194,2362,Somerst,0.79,319364.8486688928
2375,160.25151273946852,1494,Veenker,0.95,239415.76003276597
2376,135.7781914476966,2362,Veenker,0.95,320708.08819945937
2377,142.6167471340088,2497,Veenker,0.95,356114.01759361994
2378,119.74099029390246,1152,NWAmes,0.39,137941.62081857564
2379,89.02418611867596,2411,NWAmes,0.39,214637.31273212773
2380,137.26419449234157,1082,NWAmes,0.39,148519.85844071358
2381,131.12894529638916,1295,NWAmes,0.39,169811.98415882397
2382,124.41422975403988,1610,NWAmes,0.39,200306.90990400422
2383,122.84768033436728,1594,NWAmes,0.39,195819.20245298144
2384,112.17456867414788,2075,NWAmes,0.39,232762.22999885684
2385,134.48635190739878,1093,NWAmes,0.39,146993.58263478687
2386,129.84416622604257,1052,NWAmes,0.39,136596.0628697968
2387,126.8745426272948,1107,NAmes,0.4,140450.11868841536
2388,86.24050306029122,1224,NAmes,0.4,105558.37574579645
2389,122.51897344217527,1074,NAmes,0.4,131585.37747689625
2390,114.90736595681845,1187,NAmes,0.4,136395.0433907435
2391,135.26259314584058,964,NAmes,0.4,130393.13979259031
2392,119.38410023893678,894,NAmes,0.4,106729.38561360948
2393,135.99542406969005,1200,NAmes,0.4,163194.50888362806
2394,126.47775102595861,1042,NAmes,0.4,131789.81656904888
2395,97.8604079496161,2154,NAmes,0.4,210791.3187234731
2396,111.32398253608596,1374,NAmes,0.4,152959.1520045821
2397,134.39111408127883,1652,NAmes,0.4,222014.12046227264
2398,125.96295138507335,908,NAmes,0.4,114374.3598576466
2399,111.42651867771785,666,BrkSide,0.32,74210.06143936008
2400,86.4354636380494,670,BrkSide,0.32,57911.7606374931
2401,129.32988307672855,808,BrkSide,0.32,104498.54552599667
2402,114.99339966360023,1150,NAmes,0.4,132242.40961314028
2403,96.06196860822234,1560,NAmes,0.4,149856.67102882685
2404,115.80043404482863,1280,NAmes,0.4,148224.55557738064
2405,122.45422534494861,1254,NAmes,0.4,153557.59858256555
2406,147.33390446753498,936,NAmes,0.4,137904.53458161274
2407,121.01628555242203,1008,NAmes,0.4,121984.4158368414
2408,128.932085588708,1053,NAmes,0.4,135765.4861249095
2409,112.48951588399225,1144,NAmes,0.4,128688.00617128714
2410,112.73350924218012,1721,NAmes,0.4,194014.36940579198
2411,124.68033384423701,922,NAmes,0.4,114955.26780438653
2412,115.88886191290945,1411,NAmes,0.4,163519.18415911522
2413,113.45899300510538,1216,NAmes,0.4,137966.13549420814
2414,133.8244560003294,1154,NAmes,0.4,154433.42222438013
2415,89.08030972536558,1560,NAmes,0.4,138965.2831715703
2416,131.46499894243365,948,NAmes,0.4,124628.81899742711
2417,122.13037281861106,1040,NAmes,0.4,127015.58773135551
2418,130.45638302321873,925,NAmes,0.4,120672.15429647733
2419,78.36657678772013,1540,NAmes,0.4,120684.52825308901
2420,129.47208721895478,925,NAmes,0.4,119761.68067753318
2421,94.14706474471721,1647,NAmes,0.4,155060.21563454924
2422,115.2324435654447,924,OldTown,0.12,106474.7778544709
2423,80.60240025102912,1544,OldTown,0.12,124450.10598758896
2424,93.70631415652767,1728,NAmes,0.4,161924.5108624798
2425,64.67010832143828,3086,NAmes,0.4,199571.95427995853
2426,110.33252595939176,1281,OldTown,0.12,141335.96575398085
2427,87.52443324537964,1534,OldTown,0.12,134262.48059841237
2428,112.72030732752833,1651,NAmes,0.4,186101.2273977493
2429,121.0239068091705,888,NAmes,0.4,107469.2292465434
2430,137.5308575972201,952,NAmes,0.4,130929.37643255353
2431,111.70125474723675,1238,NAmes,0.4,138286.15337707908
2432,133.38674965835713,1040,NAmes,0.4,138722.21964469142
2433,119.52438897570356,1170,NAmes,0.4,139843.53510157316
2434,118.8472694685029,1242,NAmes,0.4,147608.3086798806
2435,119.98401961300854,1377,NAmes,0.4,165217.99500711277
2436,111.57664351806487,925,NAmes,0.4,103208.39525421
2437,121.57737961136941,864,NAmes,0.4,105042.85598422316
2438,127.696342739152,936,NAmes,0.4,119523.77680384627
2439,111.62726383199278,960,OldTown,0.12,107162.17327871306
2440,101.77014431942598,1296,OldTown,0.12,131894.10703797606
2441,101.67807769737368,1022,OldTown,0.12,103914.9954067159
2442,107.17301663642809,967,OldTown,0.12,103636.30708742596
2443,96.69191153030515,1072,OldTown,0.12,103653.72916048711
2444,112.20852111843953,1174,OldTown,0.12,131732.80379304802
2445,86.63019339480957,1141,OldTown,0.12,98845.05066347771
2446,67.77107081658028,1798,OldTown,0.12,121852.38532821134
2447,114.79483139698476,1772,OldTown,0.12,203416.441235457
2448,85.02264141789283,1642,OldTown,0.12,139607.17720818002
2449,94.36320886647283,1232,OldTown,0.12,116255.47332349453
2450,97.34632426487639,1650,OldTown,0.12,160621.43503704603
2451,101.97434767656864,1358,OldTown,0.12,138481.16414478022
2452,73.87916650769988,2454,OldTown,0.12,181299.4746098955
2453,96.59696446547258,968,OldTown,0.12,93505.86160257745
2454,86.75773536935297,1382,OldTown,0.12,119899.19028044581
2455,115.23706511729988,1060,BrkSide,0.32,122151.28902433786
2456,97.69668121090308,1435,BrkSide,0.32,140194.7375376459
2457,103.15994821103268,1274,BrkSide,0.32,131425.77402085564
2458,101.54040980727285,1232,BrkSide,0.32,125097.78488256015
2459,109.407164133543,884,BrkSide,0.32,96715.93309405202
2460,99.57877254960978,1409,BrkSide,0.32,140306.49052240019
2461,89.166356575656,1322,BrkSide,0.32,117877.92339301723
2462,94.28271064225387,1426,BrkSide,0.32,134447.14537585402
2463,100.38211870361465,1281,BrkSide,0.32,128589.49405933036
2464,74.7819161265537,2264,OldTown,0.12,169306.25811051758
2465,105.11181658653959,1376,BrkSide,0.32,144633.8596230785
2466,95.0893263167573,1316,BrkSide,0.32,125137.5534328526
2467,116.35771257610135,1344,OldTown,0.12,156384.76570228022
2468,94.96531616518716,1173,OldTown,0.12,111394.31586176454
2469,89.14021354878581,1214,OldTown,0.12,108216.21924822597
2470,77.48124199689612,2294,IDOTRR,0.14,177741.9691408797
2471,104.41292103124329,1952,IDOTRR,0.14,203814.0218529869
2472,80.22522316061819,2180,IDOTRR,0.14,174890.98649014765
2473,87.30284374451745,1315,IDOTRR,0.14,114803.23952404044
2474,75.32374732120662,1484,IDOTRR,0.14,111780.44102467062
2475,89.70207095402841,2267,Sawyer,0.41,203354.5948527824
2476,87.97769779668326,1282,SWISU,0.0,112787.40857534794
2477,111.57444355698695,999,Sawyer,0.41,111462.86911342996
2478,122.19761254976083,1452,Sawyer,0.41,177430.93342225274
2479,120.55299704184323,1005,Sawyer,0.41,121155.76202705245
2480,123.20041553864414,1020,Sawyer,0.41,125664.42384941701
2481,118.39420276474365,1040,Sawyer,0.41,123129.9708753334
2482,124.91934465270921,868,Sawyer,0.41,108429.9911585516
2483,121.64514605442675,897,Sawyer,0.41,109115.69601082079
2484,124.58704110840023,943,Sawyer,0.41,117485.57976522141
2485,125.73220732683244,912,Sawyer,0.41,114667.77308207119
2486,117.33669183681462,1375,Sawyer,0.41,161337.95127562011
2487,73.13298457423441,2654,Sawyer,0.41,194094.94106001814
2488,120.79448280785692,1302,Sawyer,0.41,157274.41661582972
2489,135.56768109028434,1299,Sawyer,0.41,176102.41773627934
2490,121.01197511429315,1176,Sawyer,0.41,142310.08273440876
2491,105.91361158268055,998,Sawyer,0.41,105701.78435951518
2492,119.46001972920965,1522,ClearCr,0.49,181818.15002785707
2493,116.79419652165859,1325,Edwards,0.24,154752.31039119762
2494,102.05194322903239,1630,Edwards,0.24,166344.66746332278
2495,93.20953019178023,1242,Edwards,0.24,115766.23649819105
2496,94.51380659130369,2422,ClearCr,0.49,228912.43956413754
2497,95.32641835514805,1626,Edwards,0.24,155000.75624547072
2498,115.92738429061065,864,SWISU,0.0,100161.2600270876
2499,102.55406588120846,943,Edwards,0.24,96708.48412597958
2500,121.05914844256637,1038,Edwards,0.24,125659.3960833839
2501,106.60750999964732,1342,Edwards,0.24,143067.2784195267
2502,103.882622037642,1480,Edwards,0.24,153746.28061571016
2503,82.25609919849536,1362,Edwards,0.24,112032.80710835068
2504,97.09904002088302,1822,SawyerW,0.48,176914.45091804888
2505,113.893363717715,1958,SawyerW,0.48,223003.20615928597
2506,147.78920747899792,1651,CollgCr,0.75,243999.98154782556
2507,134.00465455264822,2140,CollgCr,0.75,286769.9607426672
2508,147.78920747899792,1651,CollgCr,0.75,243999.98154782556
2509,142.6058755194107,1546,CollgCr,0.75,220468.68355300892
2510,148.86797132602308,1500,CollgCr,0.75,223301.95698903463
2511,145.3572412359798,1270,CollgCr,0.75,184603.69636969437
2512,123.60806312417664,1795,CollgCr,0.75,221876.47330789707
2513,119.70022084171252,1873,SawyerW,0.48,224198.51363652755
2514,122.46707521548127,1743,ClearCr,0.49,213460.11210058385
2515,145.00966047304206,1022,CollgCr,0.75,148199.873003449
2516,137.12772530817364,1308,CollgCr,0.75,179363.0647030911
2517,137.47759990089213,990,CollgCr,0.75,136102.8239018832
2518,133.56376834062254,1097,CollgCr,0.75,146519.45386966295
2519,125.1931806771508,1873,CollgCr,0.75,234486.82740830345
2520,128.32811876598484,1753,CollgCr,0.75,224959.19219677142
2521,125.00633195529724,1690,CollgCr,0.75,211260.70100445233
2522,130.58425973952436,1842,CollgCr,0.75,240536.20644020385
2523,141.82833231322212,894,CollgCr,0.75,126794.52908802057
2524,129.95957405890505,1025,CollgCr,0.75,133208.56341037768
2525,137.62345841078948,1009,CollgCr,0.75,138862.06953648658
2526,142.309531106094,1040,CollgCr,0.75,148001.91235033775
2527,131.60454978520713,907,CollgCr,0.75,119365.32665518286
2528,138.2360758229459,879,CollgCr,0.75,121509.51064836945
2529,159.88631905236394,864,CollgCr,0.75,138141.77966124244
2530,144.91750331332662,875,CollgCr,0.75,126802.8153991608
2531,151.90683384340377,1673,CollgCr,0.75,254140.1330200145
2532,127.98205939916333,1932,CollgCr,0.75,247261.33875918356
2533,124.40499238459537,1729,CollgCr,0.75,215096.2318329654
2534,145.92809576124756,1592,CollgCr,0.75,232317.5284519061
2535,126.17624780150652,2439,CollgCr,0.75,307743.8683878744
2536,125.69139067154569,1992,CollgCr,0.75,250377.250217719
2537,160.62316938628518,1341,CollgCr,0.75,215395.67014700844
2538,132.87348068507038,1476,CollgCr,0.75,196121.25749116388
2539,157.45051428403218,1190,CollgCr,0.75,187366.1119979983
2540,134.93608431260674,1330,CollgCr,0.75,179464.99213576695
2541,131.00888386377954,1491,CollgCr,0.75,195334.2458408953
2542,113.66810463832073,1536,CollgCr,0.75,174594.20872446062
2543,128.36803783923403,936,Edwards,0.24,120152.48341752305
2544,109.71646156389954,1088,Edwards,0.24,119371.5101815227
2545,94.85853406590414,1351,Edwards,0.24,128153.87952303649
2546,119.36082080819693,1179,Edwards,0.24,140726.40773286417
2547,124.29508375874184,1044,Edwards,0.24,129764.06744412649
2548,56.52069865505169,2233,Edwards,0.24,126210.72009673042
2549,109.54754857363037,1408,Edwards,0.24,154242.94839167155
2550,123.29731321140663,5095,Edwards,0.24,628199.8108121168
2551,127.61579943473888,1072,Edwards,0.24,136804.13699404008
2552,117.03926054921098,960,Edwards,0.24,112357.69012724255
2553,67.16130478069125,1152,Edwards,0.24,77369.82310735632
2554,85.4420131165913,1195,Edwards,0.24,102103.2056743266
2555,120.7580607068974,865,Edwards,0.24,104455.72251146624
2556,120.33401520860066,768,Edwards,0.24,92416.52368020531
2557,122.52500710809404,864,Edwards,0.24,105861.60614139325
2558,39.189924819463535,2592,SWISU,0.0,101580.28513204948
2559,102.35166358943357,1422,Crawfor,0.48,145544.06562417455
2560,113.92659004814503,1298,Crawfor,0.48,147876.71388249224
2561,126.15751153677866,1098,Crawfor,0.48,138520.94766738298
2562,96.32012256034858,1436,Crawfor,0.48,138315.69599666056
2563,104.68979881953842,1461,Crawfor,0.48,152951.79607534563
2564,107.92252307493305,1718,Crawfor,0.48,185410.894642735
2565,103.49913015001754,1226,Crawfor,0.48,126889.9335639215
2566,89.46624853260664,1755,Crawfor,0.48,157013.26617472465
2567,100.52185583814875,1355,Crawfor,0.48,136207.11466069156
2568,121.21103792764872,1560,Crawfor,0.48,189089.219167132
2569,127.26093894413788,1488,Crawfor,0.48,189364.27714887715
2570,115.52077973158751,1045,Blueste,0.28,120719.21481950895
2571,106.67110552684841,1680,Crawfor,0.48,179207.45728510534
2572,152.90666053181045,1020,Blueste,0.28,155964.79374244667
2573,125.17562030270354,1696,Crawfor,0.48,212297.8520333852
2574,84.62746864645345,2726,Crawfor,0.48,230694.4795302321
2575,110.82398692132594,1215,IDOTRR,0.14,134651.14410941102
2576,82.00941256088208,1601,IDOTRR,0.14,131297.0695099722
2577,83.74918746860516,1828,IDOTRR,0.14,153093.51469261022
2578,102.80590786647869,816,IDOTRR,0.14,83889.62081904661
2579,74.31251816174588,845,IDOTRR,0.14,62794.077846675274
2580,68.47878576603111,1991,IDOTRR,0.14,136341.26246016793
2581,125.44052854159789,1073,IDOTRR,0.14,134597.68712513454
2582,121.26022333471121,1001,IDOTRR,0.14,121381.48355804592
2583,158.52913038724716,1625,Crawfor,0.48,257609.83687927664
2584,137.39162768417773,1299,Mitchel,0.5,178471.72436174686
2585,129.9308555442803,1392,Mitchel,0.5,180863.75091763816
2586,152.31114068815162,1409,Mitchel,0.5,214606.39722960565
2587,142.65981605259475,1478,Mitchel,0.5,210851.20812573505
2588,135.91373587505095,918,Mitchel,0.5,124768.80953329676
2589,143.34448379108395,1026,Mitchel,0.5,147071.44036965212
2590,153.89870521679555,1501,Timber,0.78,231001.95653041013
2591,97.10587154286605,2279,Timber,0.78,221304.28124619173
2592,132.32613486590503,1689,Timber,0.78,223498.8417885136
2593,157.8594406040103,1564,Timber,0.78,246892.1651046721
2594,147.5104323904823,1240,Timber,0.78,182912.93616419804
2595,153.3363715954935,1312,Timber,0.78,201177.31953328746
2596,153.82612602459096,1922,Timber,0.78,295653.81421926385
2597,129.14142757917799,1491,Timber,0.78,192549.8685205544
2598,110.40498069101935,2486,Timber,0.78,274466.7819978741
2599,179.21158285176702,1824,Timber,0.78,326881.92712162307
2600,74.21023875974433,2034,Mitchel,0.5,150943.62563731996
2601,138.1868703163345,936,Mitchel,0.5,129342.9106160891
2602,94.11069454122087,1092,MeadowV,0.22,102768.87843901319
2603,108.84498418662977,992,MeadowV,0.22,107974.22431313673
2604,90.81493243584987,1092,MeadowV,0.22,99169.90621994805
2605,91.98522108436875,1092,MeadowV,0.22,100447.86142413066
2606,142.71849730226586,1008,Mitchel,0.5,143860.24528068397
2607,130.78305629395166,1356,Mitchel,0.5,177341.82433459844
2608,124.87196676474419,1676,Mitchel,0.5,209285.41629771126
2609,112.45223456739825,1432,Mitchel,0.5,161031.5999005143
2610,131.46280511609098,796,Mitchel,0.5,104644.39287240841
2611,107.40375734437319,1608,Mitchel,0.5,172705.2418097521
2612,137.9447963249586,1178,Mitchel,0.5,162498.9700708012
2613,134.06108515641267,816,Mitchel,0.5,109393.84548763275
2614,131.35265317151396,887,Mitchel,0.5,116509.80336313289
2615,121.85935564409398,1293,NAmes,0.4,157564.1468478135
2616,135.07217792879703,1024,NAmes,0.4,138313.91019908816
2617,117.81035526940481,1797,NAmes,0.4,211705.20841912043
2618,141.71734638887256,1390,NAmes,0.4,196987.11148053285
2619,110.28658088866602,1851,NAmes,0.4,204140.46122492081
2620,118.60969918499268,1525,Gilbert,0.48,180879.79125711383
2621,105.02127531268869,1671,Gilbert,0.48,175490.55104750278
2622,102.31035983140578,1776,Gilbert,0.48,181703.19906057665
2623,113.78229090802719,2064,Gilbert,0.48,234846.64843416814
2624,108.75740699075062,2212,Gilbert,0.48,240571.38426354039
2625,105.55713316585778,2687,StoneBr,1.0,283632.01681665983
2626,135.57768045687953,1169,Gilbert,0.48,158490.30845409218
2627,159.86612843225342,1204,StoneBr,1.0,192478.8186324331
2628,152.01856275677244,2798,StoneBr,1.0,425347.9385934493
2629,126.97840194260473,3390,StoneBr,1.0,430456.7825854301
2630,142.61339826344022,2473,StoneBr,1.0,352682.93390548765
2631,164.23677184050442,2698,StoneBr,1.0,443110.81042568095
2632,136.40242706850665,2795,StoneBr,1.0,381244.7836564761
2633,187.60258619985638,1714,StoneBr,1.0,321550.8327465538
2634,186.4512230442646,2000,StoneBr,1.0,372902.4460885292
2635,138.3039309946489,1102,NWAmes,0.39,152410.9319561031
2636,103.1263088418647,1857,NWAmes,0.39,191505.55551934274
2637,148.3472085955424,1083,NWAmes,0.39,160660.02690897245
2638,117.96320323362784,2318,Somerst,0.79,273438.70509554935
2639,107.71316483951665,1875,NWAmes,0.39,201962.18407409373
2640,134.27058233023462,1103,NWAmes,0.39,148100.45231024877
2641,121.12209463492289,874,NAmes,0.4,105860.7107109226
2642,141.12260073233327,1419,NAmes,0.4,200252.9704391809
2643,106.35256250731604,1092,BrDale,0.2,116136.99825798911
2644,99.31364340014923,1365,BrDale,0.2,135563.1232412037
2645,108.42150921666723,1030,BrDale,0.2,111674.15449316725
2646,110.88675527817065,948,BrDale,0.2,105120.64400370578
2647,107.82231996995358,1092,BrDale,0.2,117741.97340718932
2648,142.69006389931837,1069,NPkVill,0.5,152535.67830837134
2649,108.58141196011377,1387,NAmes,0.4,150602.4183886778
2650,140.3282220510145,1055,NPkVill,0.5,148046.2742638203
2651,105.87446836483333,1456,NPkVill,0.5,154153.22593919732
2652,164.15468289768071,2589,NridgHt,1.0,424996.4740220954
2653,155.84877011290962,1618,NridgHt,1.0,252163.31004268775
2654,145.106233441956,1740,NridgHt,1.0,252484.84618900344
2655,198.9373070013693,1868,NridgHt,1.0,371614.88947855786
2656,154.28777617332787,2206,NridgHt,1.0,340358.8342383613
2657,172.6146100922805,2091,NridgHt,1.0,360937.1497029585
2658,130.2965276908123,2253,NridgHt,1.0,293558.0768874001
2659,121.41500025289946,2389,NridgHt,1.0,290060.43560417683
2660,142.68261082494217,2358,NridgHt,1.0,336445.5963252137
2661,188.7802004631538,1792,NridgHt,1.0,338294.1192299716
2662,194.98856257622015,1780,NridgHt,1.0,347079.64138567186
2663,150.78618787198684,1914,NridgHt,1.0,288604.7635869828
2664,189.5560553413046,1565,NridgHt,1.0,296655.22660914174
2665,194.74516144042434,1686,NridgHt,1.0,328340.34218855546
2666,180.28538723023934,1666,NridgHt,1.0,300355.45512557874
2667,115.46468045672977,1456,Gilbert,0.48,168116.57474499854
2668,122.3706134866373,1492,Gilbert,0.48,182576.95532206286
2669,126.8908718552781,1326,Gilbert,0.48,168257.29608009878
2670,106.12613565920782,2373,Gilbert,0.48,251837.31991930015
2671,122.3706134866373,1492,Gilbert,0.48,182576.95532206286
2672,143.32928765401513,1364,Blmngtn,0.5,195501.14836007665
2673,145.2945319796953,1511,Blmngtn,0.5,219540.03782131962
2674,144.2362246519204,1548,Blmngtn,0.5,223277.67576117278
2675,145.4426039945552,1142,Blmngtn,0.5,166095.45376178206
2676,119.08494439933355,1598,Gilbert,0.48,190297.74115013503
2677,108.56769470336357,1889,Gilbert,0.48,205084.3752946538
2678,100.05013181518035,2322,Gilbert,0.48,232316.40607484878
2679,140.06452662336596,1976,NoRidge,0.75,276767.5046077712
2680,126.54911173316478,2234,NoRidge,0.75,282710.71561189013
2681,144.07874417698986,2855,NoRidge,0.75,411344.81462530605
2682,110.54518112157677,2726,NoRidge,0.75,301346.1637374183
2683,114.61254516252673,3500,NoRidge,0.75,401143.90806884354
2684,117.35720398903726,2494,NoRidge,0.75,292688.86674865894
2685,102.50043362206878,2799,NoRidge,0.75,286898.7137081705
2686,130.36643683214766,1964,Somerst,0.79,256039.681938338
2687,169.4091513065157,1670,Somerst,0.79,282913.2826818812
2688,146.44750595566597,1504,Somerst,0.79,220257.04895732162
2689,154.78218116555377,1278,Somerst,0.79,197811.6275295777
2690,162.31446989431424,2640,Somerst,0.79,428510.2005209896
2691,120.5436806125567,1716,Somerst,0.79,206852.9559311473
2692,124.47534430295963,1142,SawyerW,0.48,142150.8431939799
2693,135.40651716076172,1400,SawyerW,0.48,189569.1240250664
2694,124.68456711639145,1131,SawyerW,0.48,141018.24540863873
2695,116.8863765243776,1686,SawyerW,0.48,197070.43082010062
2696,119.34151794010981,1585,SawyerW,0.48,189156.30593507405
2697,105.53740740519515,1837,SawyerW,0.48,193872.2174033435
2698,116.5173334701773,1731,SawyerW,0.48,201691.5042368769
2699,141.6722715240608,1398,SawyerW,0.48,198057.835590637
2700,137.81418480055316,1217,SawyerW,0.48,167719.8629022732
2701,123.06933738386968,1320,SawyerW,0.48,162451.525346708
2702,123.4639823888167,988,Sawyer,0.41,121982.4146001509
2703,84.44787848176476,1654,Sawyer,0.41,139676.79100883892
2704,128.5730593935724,1211,Sawyer,0.41,155701.97492561617
2705,124.68667349694228,984,Sawyer,0.41,122691.6867209912
2706,121.73434174471915,909,Sawyer,0.41,110656.5166459497
2707,124.66635756795469,925,Sawyer,0.41,115316.38075035809
2708,125.49699738881249,1024,Sawyer,0.41,128508.92532614399
2709,122.01998968509194,912,Sawyer,0.41,111282.23059280385
2710,126.90989687549569,941,Sawyer,0.41,119422.21295984145
2711,111.4315803929008,2646,Veenker,0.95,294847.9617196155
2712,116.9307540885525,2826,NoRidge,0.75,330446.31105424935
2713,156.02834561151604,1143,Somerst,0.79,178340.39903396284
2714,134.63986589947473,1223,Somerst,0.79,164664.5559950576
2715,121.04147536652275,1524,Somerst,0.79,184467.20845858066
2716,138.59920073882213,1080,Somerst,0.79,149687.1367979279
2717,122.11290671795138,1694,Somerst,0.79,206859.26398020962
2718,145.1706153401799,1568,Somerst,0.79,227627.52485340208
2719,113.01582585327712,1193,NWAmes,0.39,134827.8802429596
2720,131.4826446777642,1334,NWAmes,0.39,175397.84800013746
2721,129.04193662537202,1051,NAmes,0.4,135623.075393266
2722,96.15880491873337,1770,NAmes,0.4,170201.08470615806
2723,148.42234535415022,976,NAmes,0.4,144860.20906565062
2724,130.19310583493987,898,NAmes,0.4,116913.409039776
2725,124.82484203359063,1051,NAmes,0.4,131190.90897730374
2726,120.44627353515153,1141,NAmes,0.4,137429.1981036079
2727,111.4381683885459,1565,NAmes,0.4,174400.73352807434
2728,111.58000971748595,1488,NAmes,0.4,166031.0544596191
2729,104.61460966755979,1440,NAmes,0.4,150645.0379212861
2730,116.58835186841182,1248,NAmes,0.4,145502.26313177796
2731,126.54815317912016,816,NAmes,0.4,103263.29299416205
2732,112.51723717038696,1043,NAmes,0.4,117355.47836871361
2733,122.07473551293386,1433,NAmes,0.4,174933.09599003423
2734,94.8134235118658,1624,NAmes,0.4,153976.99978327006
2735,119.8167316083194,1216,NAmes,0.4,145697.14563571638
2736,87.44310936490795,1728,NAmes,0.4,151101.69298256095
2737,126.35948305325654,936,NAmes,0.4,118272.47613784812
2738,89.87269272842067,1584,NAmes,0.4,142358.34528181836
2739,126.08033880727083,1246,NAmes,0.4,157096.10215385945
2740,125.75690444024386,1008,NAmes,0.4,126762.95967576581
2741,112.18904676491742,1364,NAmes,0.4,153025.85978734735
2742,117.62611829552235,1336,NAmes,0.4,157148.49404281785
2743,106.04858964621758,1370,NAmes,0.4,145286.5678153181
2744,139.11078891102665,1124,NAmes,0.4,156360.52673599395
2745,143.22523640264612,1050,NAmes,0.4,150386.49822277843
2746,132.7558746802078,1008,NAmes,0.4,133817.92167764946
2747,100.1545894753543,1575,NAmes,0.4,157743.47842368303
2748,110.74280257079022,1145,NAmes,0.4,126800.5089435548
2749,122.02036304744314,1005,NAmes,0.4,122630.46486268035
2750,115.64071515470752,1056,NAmes,0.4,122116.59520337114
2751,135.02666248608443,884,NAmes,0.4,119363.56963769865
2752,94.6027154608978,2039,NAmes,0.4,192894.93682477062
2753,127.77469510944685,1384,NAmes,0.4,176840.17803147444
2754,78.33634957731826,2640,OldTown,0.12,206807.9628841202
2755,105.08546627320581,1312,NAmes,0.4,137872.13175044602
2756,110.20296521555056,713,OldTown,0.12,78574.71419868755
2757,110.8027793772511,715,NAmes,0.4,79223.98725473453
2758,102.75990139862468,720,OldTown,0.12,73987.12900700977
2759,92.35979943420946,1595,OldTown,0.12,147313.8800975641
2760,74.94120213520763,1760,OldTown,0.12,131896.51575796542
2761,121.08170612320143,1146,NAmes,0.4,138759.63521718883
2762,129.57045497594186,1207,NAmes,0.4,156391.53915596183
2763,117.121754690999,1773,NAmes,0.4,207656.8710671412
2764,112.03790255594687,1472,NAmes,0.4,164919.7925623538
2765,95.74715623403814,2448,NAmes,0.4,234389.03846092537
2766,94.6433070838899,1521,NAmes,0.4,143952.47007459652
2767,81.72429091099089,1040,NAmes,0.4,84993.26254743052
2768,80.36197424711088,1556,NAmes,0.4,125043.23192850452
2769,121.53326493048552,1150,NAmes,0.4,139763.25467005835
2770,143.8927929510341,1045,NAmes,0.4,150367.96863383063
2771,126.94876345863072,864,NAmes,0.4,109683.73162825694
2772,105.52748566745038,1025,NAmes,0.4,108165.67280913664
2773,80.43131029769108,2014,OldTown,0.12,161988.65893954984
2774,75.89260700634482,1668,OldTown,0.12,126588.86848658316
2775,71.27317749145098,1657,OldTown,0.12,118099.65510333427
2776,110.6314300613258,1416,OldTown,0.12,156654.10496683733
2777,108.87599757540875,1428,OldTown,0.12,155474.9245376837
2778,109.75529459717332,1004,OldTown,0.12,110194.315775562
2779,56.95397325331463,1951,OldTown,0.12,111117.20181721685
2780,108.09209042158423,1032,OldTown,0.12,111551.03731507492
2781,103.36392768337768,844,OldTown,0.12,87239.15496477076
2782,107.61682617750141,864,OldTown,0.12,92980.93781736122
2783,71.02803626405337,1376,OldTown,0.12,97734.57789933744
2784,106.78804814406064,960,OldTown,0.12,102516.52621829821
2785,83.61040197736699,1566,OldTown,0.12,130933.8894965567
2786,106.56608400004039,492,OldTown,0.12,52430.51332801987
2787,100.08983822595061,1182,OldTown,0.12,118306.18878307362
2788,85.63086808744565,840,OldTown,0.12,71929.92919345434
2789,86.79912897615093,2104,OldTown,0.12,182625.36736582156
2790,78.86070601199357,1248,OldTown,0.12,98418.16110296798
2791,114.98520843935414,960,OldTown,0.12,110385.80010177997
2792,72.04278280263946,1020,IDOTRR,0.14,73483.63845869225
2793,89.41283986741368,1827,BrkSide,0.32,163357.2584377648
2794,86.7408037776744,1162,BrkSide,0.32,100792.81398965765
2795,97.87058056792533,1324,BrkSide,0.32,129580.64867193314
2796,109.83833548078431,816,BrkSide,0.32,89628.08175232
2797,62.25075074505077,2486,OldTown,0.12,154755.36635219623
2798,70.78287384269099,1430,IDOTRR,0.14,101219.50959504812
2799,96.59523840199276,1330,IDOTRR,0.14,128471.66707465037
2800,102.56970191068278,819,IDOTRR,0.14,84004.5858648492
2801,112.72773457557312,984,IDOTRR,0.14,110924.09082236396
2802,91.30448284823137,1422,Sawyer,0.41,129834.97461018502
2803,88.35881024828635,1921,Sawyer,0.41,169737.27448695808
2804,86.04578475679749,1640,Sawyer,0.41,141115.08700114788
2805,93.81857203095997,1032,Edwards,0.24,96820.76633595068
2806,97.04130199219837,879,SWISU,0.0,85299.30445114236
2807,127.48740021186258,1073,SWISU,0.0,136793.98042732856
2808,129.54666010068883,1064,Sawyer,0.41,137837.64634713292
2809,127.2198265082277,934,Sawyer,0.41,118823.31795868467
2810,124.95772106615286,1059,Sawyer,0.41,132330.22660905588
2811,108.11052314785462,1458,Sawyer,0.41,157625.14274957203
2812,134.94615211442778,1040,Sawyer,0.41,140343.99819900488
2813,81.50208181617792,1967,Sawyer,0.41,160314.59493242198
2814,88.3275981161628,1949,Sawyer,0.41,172150.4887284013
2815,106.87313374768996,872,Sawyer,0.41,93193.37262798565
2816,124.1656858651841,1830,ClearCr,0.49,227223.20513328692
2817,125.48941543829024,1000,ClearCr,0.49,125489.41543829023
2818,135.90584301923835,810,Sawyer,0.41,110083.73284558306
2819,113.8816777164496,1700,ClearCr,0.49,193598.85211796433
2820,106.3619973465129,1350,Edwards,0.24,143588.6964177924
2821,94.22165894433527,1150,Edwards,0.24,108354.90778598556
2822,79.6000059613283,2009,Edwards,0.24,159916.41197630856
2823,46.59131109612143,3672,Edwards,0.24,171083.2943449579
2824,103.88636353369435,1560,Edwards,0.24,162062.72711256318
2825,99.91808740989354,1488,Edwards,0.24,148678.1140659216
2826,120.48187670707489,1057,Edwards,0.24,127349.34367937816
2827,91.54327847853655,1609,Edwards,0.24,147293.1350719653
2828,91.99175854263638,2559,SawyerW,0.48,235406.9101106065
2829,117.84555250328867,1440,SawyerW,0.48,169697.5956047357
2830,126.94391742267,1876,CollgCr,0.75,238146.78908492893
2831,154.04265333038035,1208,CollgCr,0.75,186083.52522309945
2832,140.7762144106505,1846,CollgCr,0.75,259872.89180206085
2833,167.72290517631268,1590,CollgCr,0.75,266679.41923033714
2834,124.41941894072626,1809,CollgCr,0.75,225074.7288637738
2835,136.74982979964676,1614,CollgCr,0.75,220714.22529662988
2836,130.05604745819593,1596,CollgCr,0.75,207569.45174328072
2837,130.43655449990274,1388,ClearCr,0.49,181045.937645865
2838,130.57229416363268,1100,CollgCr,0.75,143629.52357999593
2839,122.08320862630772,1499,CollgCr,0.75,183002.72973083527
2840,148.8112273954997,1425,CollgCr,0.75,212055.9990385871
2841,129.20350650402992,1749,CollgCr,0.75,225976.93287554831
2842,135.11624557378786,1779,CollgCr,0.75,240371.80087576862
2843,123.74810509511406,1388,CollgCr,0.75,171762.36987201832
2844,134.61816428999714,1282,CollgCr,0.75,172580.48661977632
2845,137.1134438559633,864,CollgCr,0.75,118466.0154915523
2846,129.7829828966272,1762,CollgCr,0.75,228677.61586385712
2847,120.95886689543158,1755,CollgCr,0.75,212282.81140148244
2848,158.46777080941382,1358,CollgCr,0.75,215199.23275918397
2849,118.55828564633643,1909,CollgCr,0.75,226327.76729885626
2850,130.19413769172337,2214,CollgCr,0.75,288249.82084947557
2851,112.85189692503525,2049,CollgCr,0.75,231233.53679939723
2852,128.07133096698954,1939,CollgCr,0.75,248330.31074499272
2853,125.50900753885381,1995,CollgCr,0.75,250390.47004001334
2854,162.30384529949978,848,CollgCr,0.75,137633.66081397582
2855,154.59487376917025,1390,CollgCr,0.75,214886.87453914664
2856,125.29542923413572,1737,CollgCr,0.75,217638.16057969377
2857,128.87461332557152,1611,CollgCr,0.75,207617.00206749572
2858,155.75811854018036,1336,CollgCr,0.75,208092.84636968098
2859,96.42154990692592,1436,Edwards,0.24,138461.34566634562
2860,110.63061228735143,1012,Edwards,0.24,111958.17963479964
2861,119.3176282772408,1176,Edwards,0.24,140317.53085403517
2862,111.38930739492096,1724,Edwards,0.24,192035.16594884373
2863,129.6693292508129,914,Edwards,0.24,118517.76693524298
2864,91.64724530228257,2314,Edwards,0.24,212071.72562948187
2865,125.78984303066284,1072,Edwards,0.24,134846.71172887055
2866,101.85908610421649,1709,Edwards,0.24,174077.17815210597
2867,92.82855918211351,936,Edwards,0.24,86887.53139445824
2868,100.36970516572387,1338,Edwards,0.24,134294.66551173854
2869,72.97797235268665,1669,Edwards,0.24,121800.23585663401
2870,104.71248543189644,1482,Edwards,0.24,155183.90341007052
2871,74.71575730454069,1414,Edwards,0.24,105648.08082862053
2872,98.56868785856771,498,Edwards,0.24,49087.20655356672
2873,94.19195044217196,1273,Edwards,0.24,119906.3529128849
2874,78.89301401472511,1551,SWISU,0.0,122363.06473683864
2875,95.60011640942287,1340,SWISU,0.0,128104.15598862665
2876,107.93725119134979,1479,SWISU,0.0,159639.19451200633
2877,85.69932427761762,1510,SWISU,0.0,129405.97965920261
2878,103.42290925501476,1636,Crawfor,0.48,169199.87954120414
2879,83.83519732175796,1465,SWISU,0.0,122818.5640763754
2880,85.55192401416441,1288,SWISU,0.0,110190.87813024377
2881,95.7348142369315,1550,Crawfor,0.48,148388.96206724382
2882,90.95040783190626,1717,Crawfor,0.48,156161.85024738306
2883,108.18432728513699,1671,Crawfor,0.48,180776.0108934639
2884,114.41123239241989,1609,Crawfor,0.48,184087.67291940362
2885,88.00589500083863,1801,Crawfor,0.48,158498.6168965104
2886,83.17166900506655,2315,Crawfor,0.48,192542.41374672906
2887,102.7110956532531,976,IDOTRR,0.14,100246.02935757503
2888,102.8499677274585,1285,IDOTRR,0.14,132162.20852978417
2889,97.87108336862833,672,IDOTRR,0.14,65769.36802371824
2890,99.55802392271765,641,IDOTRR,0.14,63816.69333446201
2891,87.08011833552617,1638,IDOTRR,0.14,142637.23383359186
2892,84.00237686442954,729,IDOTRR,0.14,61237.732734169134
2893,70.03983942955688,1396,IDOTRR,0.14,97775.6158436614
2894,77.4255042286245,936,IDOTRR,0.14,72470.27195799253
2895,158.87736597995203,1778,Crawfor,0.48,282483.95671235473
2896,158.1184787377615,1646,Crawfor,0.48,260263.01600235543
2897,119.02762550800342,1625,Mitchel,0.5,193419.89145050556
2898,100.94084688185173,1664,Mitchel,0.5,167965.56921140128
2899,137.49336081401268,1491,Mitchel,0.5,205002.6009736929
2900,127.72784968805728,1210,Mitchel,0.5,154550.6981225493
2901,130.4019945647441,1650,Timber,0.78,215163.29103182774
2902,147.74179847540125,1403,Timber,0.78,207281.74326098795
2903,152.2426130264692,1960,Timber,0.78,298395.5215318796
2904,185.4732077912539,1838,Timber,0.78,340899.7559203247
2905,61.15226002989964,1600,Mitchel,0.5,97843.61604783942
2906,135.26335925816875,1368,Mitchel,0.5,185040.27546517484
2907,89.27368707793975,1304,MeadowV,0.22,116412.88794963344
2908,135.70815398406802,874,Mitchel,0.5,118608.92658207545
2909,100.94066704642553,1652,Mitchel,0.5,166753.98196069497
2910,115.01893426899031,630,MeadowV,0.22,72461.92858946389
2911,94.11069454122087,1092,MeadowV,0.22,102768.87843901319
2912,111.6880582116671,1360,Mitchel,0.5,151895.75916786725
2913,96.48586451429287,1092,MeadowV,0.22,105362.56404960781
2914,85.8983210028207,1092,MeadowV,0.22,93800.9665350802
2915,85.8983210028207,1092,MeadowV,0.22,93800.9665350802
2916,94.48849111962477,1092,MeadowV,0.22,103181.43230263024
2917,140.15446414437912,1224,Mitchel,0.5,171549.06411272005
2918,122.57952726407615,970,Mitchel,0.5,118902.14144615387
2919,116.78052070568927,2000,Mitchel,0.5,233561.04141137854
